Workbook

Sheet Sampling
A1: Valid or Not | B1: Valid | F1: AC Name | G1: Mandal | H1: GP Name | I1: Samples | J1: Collected | K1: Pending | M1: MANDAL | N1: Samples | O1: Collected | P1: Pending | Q1: Req% | R1: Collected% | T1: Caste | U1: MALIKIPURAM | V1: Collected | W1: Pending | X1: MAMIDIKUDURU_PART | Y1: Collected | Z1: Pending | AA1: RAZOLE | AB1: Collected | AC1: Pending | AD1: SAKHINETIPALLE | AE1: Collected | AF1: Pending | AG1: Grand Total | AH1: Collected | AI1: Pending
F2: Razole(SC) | G2: MALIKIPURAM | H2: LAKKAVARAM | I2: 70 | J2: =IFERROR(VLOOKUP(G2&H2,$E$34:$H$62,4,0),0) -> 44 | K2: =I2-J2 -> 26 | M2: MALIKIPURAM | N2: 315 | O2: =IFERROR(VLOOKUP(M2,$N$33:$O$37,2,0),0) -> 161 | P2: =N2-O2 -> 154 | Q2: 0.31016074 | R2: =O2/$O$6 -> 0.1965812 | T2: Mala | U2: 91 | V2: =COUNTIFS(Table1[Caste],$T2,Table1[Taluka],U$1,Table1[Valid or Not],"Valid") -> 32 | W2: =U2-V2 -> 59 | X2: 32 | Y2: =COUNTIFS(Table1[Caste],$T2,Table1[Taluka],X$1,Table1[Valid or Not],"Valid") -> 48 | Z2: =X2-Y2 -> -16 | AA2: 90 | AB2: =COUNTIFS(Table1[Caste],$T2,Table1[Taluka],AA$1,Table1[Valid or Not],"Valid") -> 80 | AC2: =AA2-AB2 -> 10 | AD2: 88 | AE2: =COUNTIFS(Table1[Caste],$T2,Table1[Taluka],AD$1,Table1[Valid or Not],"Valid") -> 49 | AF2: =AD2-AE2 -> 39 | AG2: 301 | AH2: =COUNTIFS(Table1[Caste],$T2,Table1[Valid or Not],"Valid") -> 209 | AI2: =AG2-AH2 -> 92
A3: Date | B3: Surveyor | C3: Count of Q18: Gender | F3: Razole(SC) | G3: MALIKIPURAM | H3: MALIKIPURAM | I3: 35 | J3: =IFERROR(VLOOKUP(G3&H3,$E$34:$H$62,4,0),0) -> 42 | K3: =I3-J3 -> -7 | M3: MAMIDIKUDURU_PART | N3: 140 | O3: =IFERROR(VLOOKUP(M3,$N$33:$O$37,2,0),0) -> 149 | P3: =N3-O3 -> -9 | Q3: 0.11239633 | R3: =O3/$O$6 -> 0.18192918 | T3: Kapu | U3: 101 | V3: =COUNTIFS(Table1[Caste],$T3,Table1[Taluka],U$1,Table1[Valid or Not],"Valid") -> 70 | W3: =U3-V3 -> 31 | X3: 38 | Y3: =COUNTIFS(Table1[Caste],$T3,Table1[Taluka],X$1,Table1[Valid or Not],"Valid") -> 32 | Z3: =X3-Y3 -> 6 | AA3: 70 | AB3: =COUNTIFS(Table1[Caste],$T3,Table1[Taluka],AA$1,Table1[Valid or Not],"Valid") -> 54 | AC3: =AA3-AB3 -> 16 | AD3: 85 | AE3: =COUNTIFS(Table1[Caste],$T3,Table1[Taluka],AD$1,Table1[Valid or Not],"Valid") -> 94 | AF3: =AD3-AE3 -> -9 | AG3: 294 | AH3: =COUNTIFS(Table1[Caste],$T3,Table1[Valid or Not],"Valid") -> 250 | AI3: =AG3-AH3 -> 44
A4: 46041 | B4: Kumpatla venkata satya suryamohan rao | C4: 14 | F4: Razole(SC) | G4: MALIKIPURAM | H4: TURPUPALEM | I4: 35 | J4: =IFERROR(VLOOKUP(G4&H4,$E$34:$H$62,4,0),0) -> 17 | K4: =I4-J4 -> 18 | M4: RAZOLE | N4: 315 | O4: =IFERROR(VLOOKUP(M4,$N$33:$O$37,2,0),0) -> 258 | P4: =N4-O4 -> 57 | Q4: 0.28929878 | R4: =O4/$O$6 -> 0.31501832 | T4: Settibalija | U4: 45 | V4: =COUNTIFS(Table1[Caste],$T4,Table1[Taluka],U$1,Table1[Valid or Not],"Valid") -> 28 | W4: =U4-V4 -> 17 | X4: 25 | Y4: =COUNTIFS(Table1[Caste],$T4,Table1[Taluka],X$1,Table1[Valid or Not],"Valid") -> 34 | Z4: =X4-Y4 -> -9 | AA4: 82 | AB4: =COUNTIFS(Table1[Caste],$T4,Table1[Taluka],AA$1,Table1[Valid or Not],"Valid") -> 62 | AC4: =AA4-AB4 -> 20 | AD4: 32 | AE4: =COUNTIFS(Table1[Caste],$T4,Table1[Taluka],AD$1,Table1[Valid or Not],"Valid") -> 29 | AF4: =AD4-AE4 -> 3 | AG4: 184 | AH4: =COUNTIFS(Table1[Caste],$T4,Table1[Valid or Not],"Valid") -> 153 | AI4: =AG4-AH4 -> 31
A5: 46041 | B5: krishna | C5: 1 | F5: Razole(SC) | G5: MALIKIPURAM | H5: RAMARAJULANKA | I5: 35 | J5: =IFERROR(VLOOKUP(G5&H5,$E$34:$H$62,4,0),0) -> 0 | K5: =I5-J5 -> 35 | M5: SAKHINETIPALLE | N5: 280 | O5: =IFERROR(VLOOKUP(M5,$N$33:$O$37,2,0),0) -> 251 | P5: =N5-O5 -> 29 | Q5: 0.28814415 | R5: =O5/$O$6 -> 0.30647131 | T5: Agnikulakshatriya | U5: 25 | V5: =COUNTIFS(Table1[Caste],$T5,Table1[Taluka],U$1,Table1[Valid or Not],"Valid") -> 12 | W5: =U5-V5 -> 13 | X5: 19 | Y5: =COUNTIFS(Table1[Caste],$T5,Table1[Taluka],X$1,Table1[Valid or Not],"Valid") -> 5 | Z5: =X5-Y5 -> 14 | AA5: 23 | AB5: =COUNTIFS(Table1[Caste],$T5,Table1[Taluka],AA$1,Table1[Valid or Not],"Valid") -> 18 | AC5: =AA5-AB5 -> 5 | AD5: 30 | AE5: =COUNTIFS(Table1[Caste],$T5,Table1[Taluka],AD$1,Table1[Valid or Not],"Valid") -> 38 | AF5: =AD5-AE5 -> -8 | AG5: 97 | AH5: =COUNTIFS(Table1[Caste],$T5,Table1[Valid or Not],"Valid") -> 73 | AI5: =AG5-AH5 -> 24
A6: 46042 | B6: ITABATHULA BHASKAR RAO | C6: 11 | F6: Razole(SC) | G6: MALIKIPURAM | H6: CHINTHALAMORI | I6: 35 | J6: =IFERROR(VLOOKUP(G6&H6,$E$34:$H$62,4,0),0) -> 0 | K6: =I6-J6 -> 35 | M6: Grand Total | N6: 1050 | O6: =SUM(O2:O5) -> 819 | P6: =SUM(P2:P5) -> 231 | Q6: =SUM(Q2:Q5) -> 1 | R6: =SUM(R2:R5) -> 1 | T6: Madiga | U6: 12 | V6: =COUNTIFS(Table1[Caste],$T6,Table1[Taluka],U$1,Table1[Valid or Not],"Valid") -> 6 | W6: =U6-V6 -> 6 | X6: 12 | Y6: =COUNTIFS(Table1[Caste],$T6,Table1[Taluka],X$1,Table1[Valid or Not],"Valid") -> 16 | Z6: =X6-Y6 -> -4 | AA6: 21 | AB6: =COUNTIFS(Table1[Caste],$T6,Table1[Taluka],AA$1,Table1[Valid or Not],"Valid") -> 20 | AC6: =AA6-AB6 -> 1 | AD6: 7 | AE6: =COUNTIFS(Table1[Caste],$T6,Table1[Taluka],AD$1,Table1[Valid or Not],"Valid") -> 8 | AF6: =AD6-AE6 -> -1 | AG6: 52 | AH6: =COUNTIFS(Table1[Caste],$T6,Table1[Valid or Not],"Valid") -> 50 | AI6: =AG6-AH6 -> 2
A7: 46042 | B7: aithabattula venkateswararao | C7: 32 | F7: Razole(SC) | G7: MALIKIPURAM | H7: GUDAPALLI | I7: 35 | J7: =IFERROR(VLOOKUP(G7&H7,$E$34:$H$62,4,0),0) -> 58 | K7: =I7-J7 -> -23 | T7: Padmasali/Devanga | U7: 10 | V7: =COUNTIFS(Table1[Caste],$T7,Table1[Taluka],U$1,Table1[Valid or Not],"Valid") -> 5 | W7: =U7-V7 -> 5 | X7: 7 | Y7: =COUNTIFS(Table1[Caste],$T7,Table1[Taluka],X$1,Table1[Valid or Not],"Valid") -> 2 | Z7: =X7-Y7 -> 5 | AA7: 4 | AB7: =COUNTIFS(Table1[Caste],$T7,Table1[Taluka],AA$1,Table1[Valid or Not],"Valid") -> 5 | AC7: =AA7-AB7 -> -1 | AD7: 10 | AE7: =COUNTIFS(Table1[Caste],$T7,Table1[Taluka],AD$1,Table1[Valid or Not],"Valid") -> 1 | AF7: =AD7-AE7 -> 9 | AG7: 31 | AH7: =COUNTIFS(Table1[Caste],$T7,Table1[Valid or Not],"Valid") -> 13 | AI7: =AG7-AH7 -> 18
A8: 46043 | B8: T Obulesu | C8: 12 | F8: Razole(SC) | G8: MALIKIPURAM | H8: KESANAPALLI | I8: 35 | J8: =IFERROR(VLOOKUP(G8&H8,$E$34:$H$62,4,0),0) -> 0 | K8: =I8-J8 -> 35 | T8: Yadava | U8: 10 | V8: =COUNTIFS(Table1[Caste],$T8,Table1[Taluka],U$1,Table1[Valid or Not],"Valid") -> 1 | W8: =U8-V8 -> 9 | X8: 2 | Y8: =COUNTIFS(Table1[Caste],$T8,Table1[Taluka],X$1,Table1[Valid or Not],"Valid") -> 0 | Z8: =X8-Y8 -> 2 | AA8: 6 | AB8: =COUNTIFS(Table1[Caste],$T8,Table1[Taluka],AA$1,Table1[Valid or Not],"Valid") -> 2 | AC8: =AA8-AB8 -> 4 | AD8: 6 | AE8: =COUNTIFS(Table1[Caste],$T8,Table1[Taluka],AD$1,Table1[Valid or Not],"Valid") -> 16 | AF8: =AD8-AE8 -> -10 | AG8: 24 | AH8: =COUNTIFS(Table1[Caste],$T8,Table1[Valid or Not],"Valid") -> 19 | AI8: =AG8-AH8 -> 5
A9: 46043 | B9: krishna | C9: 59 | F9: Razole(SC) | G9: MALIKIPURAM | H9: PADAMATIPALEM | I9: 35 | J9: =IFERROR(VLOOKUP(G9&H9,$E$34:$H$62,4,0),0) -> 0 | K9: =I9-J9 -> 35 | T9: Kshatriya/Rajulu | U9: 8 | V9: =COUNTIFS(Table1[Caste],$T9,Table1[Taluka],U$1,Table1[Valid or Not],"Valid") -> 3 | W9: =U9-V9 -> 5 | X9: 2 | Y9: =COUNTIFS(Table1[Caste],$T9,Table1[Taluka],X$1,Table1[Valid or Not],"Valid") -> 1 | Z9: =X9-Y9 -> 1 | AA9: 4 | AB9: =COUNTIFS(Table1[Caste],$T9,Table1[Taluka],AA$1,Table1[Valid or Not],"Valid") -> 5 | AC9: =AA9-AB9 -> -1 | AD9: 8 | AE9: =COUNTIFS(Table1[Caste],$T9,Table1[Taluka],AD$1,Table1[Valid or Not],"Valid") -> 2 | AF9: =AD9-AE9 -> 6 | AG9: 22 | AH9: =COUNTIFS(Table1[Caste],$T9,Table1[Valid or Not],"Valid") -> 11 | AI9: =AG9-AH9 -> 11
A10: 46043 | B10: aithabattula venkateswararao | C10: 53 | F10: Razole(SC) | G10: MAMIDIKUDURU_PART | H10: PASARLAPUDI LANKA | I10: 35 | J10: =IFERROR(VLOOKUP(G10&H10,$E$34:$H$62,4,0),0) -> 42 | K10: =I10-J10 -> -7 | T10: Rajaka | U10: 5 | V10: =COUNTIFS(Table1[Caste],$T10,Table1[Taluka],U$1,Table1[Valid or Not],"Valid") -> 3 | W10: =U10-V10 -> 2 | X10: 2 | Y10: =COUNTIFS(Table1[Caste],$T10,Table1[Taluka],X$1,Table1[Valid or Not],"Valid") -> 7 | Z10: =X10-Y10 -> -5 | AA10: 8 | AB10: =COUNTIFS(Table1[Caste],$T10,Table1[Taluka],AA$1,Table1[Valid or Not],"Valid") -> 3 | AC10: =AA10-AB10 -> 5 | AD10: 6 | AE10: =COUNTIFS(Table1[Caste],$T10,Table1[Taluka],AD$1,Table1[Valid or Not],"Valid") -> 6 | AF10: =AD10-AE10 -> 0 | AG10: 21 | AH10: =COUNTIFS(Table1[Caste],$T10,Table1[Valid or Not],"Valid") -> 19 | AI10: =AG10-AH10 -> 2
A11: 46044 | B11: T Obulesu | C11: 29 | F11: Razole(SC) | G11: MAMIDIKUDURU_PART | H11: B.DODDAVARAM | I11: 35 | J11: =IFERROR(VLOOKUP(G11&H11,$E$34:$H$62,4,0),0) -> 32 | K11: =I11-J11 -> 3 | T11: Adi Andhra | U11: 5 | V11: =COUNTIFS(Table1[Caste],$T11,Table1[Taluka],U$1,Table1[Valid or Not],"Valid") -> 1 | W11: =U11-V11 -> 4 | X11: 0 | Y11: =COUNTIFS(Table1[Caste],$T11,Table1[Taluka],X$1,Table1[Valid or Not],"Valid") -> 4 | Z11: =X11-Y11 -> -4 | AA11: 1 | AB11: =COUNTIFS(Table1[Caste],$T11,Table1[Taluka],AA$1,Table1[Valid or Not],"Valid") -> 7 | AC11: =AA11-AB11 -> -6 | AD11: 7 | AE11: =COUNTIFS(Table1[Caste],$T11,Table1[Taluka],AD$1,Table1[Valid or Not],"Valid") -> 0 | AF11: =AD11-AE11 -> 7 | AG11: 13 | AH11: =COUNTIFS(Table1[Caste],$T11,Table1[Valid or Not],"Valid") -> 12 | AI11: =AG11-AH11 -> 1
A12: 46044 | B12: krishna | C12: 67 | F12: Razole(SC) | G12: MAMIDIKUDURU_PART | H12: PEDAPATNAM LANKA | I12: 35 | J12: =IFERROR(VLOOKUP(G12&H12,$E$34:$H$62,4,0),0) -> 41 | K12: =I12-J12 -> -6 | T12: Brahmin | U12: 2 | V12: =COUNTIFS(Table1[Caste],$T12,Table1[Taluka],U$1,Table1[Valid or Not],"Valid") -> 0 | W12: =U12-V12 -> 2 | X12: 1 | Y12: =COUNTIFS(Table1[Caste],$T12,Table1[Taluka],X$1,Table1[Valid or Not],"Valid") -> 0 | Z12: =X12-Y12 -> 1 | AA12: 6 | AB12: =COUNTIFS(Table1[Caste],$T12,Table1[Taluka],AA$1,Table1[Valid or Not],"Valid") -> 2 | AC12: =AA12-AB12 -> 4 | AD12: 2 | AE12: =COUNTIFS(Table1[Caste],$T12,Table1[Taluka],AD$1,Table1[Valid or Not],"Valid") -> 8 | AF12: =AD12-AE12 -> -6 | AG12: 11 | AH12: =COUNTIFS(Table1[Caste],$T12,Table1[Valid or Not],"Valid") -> 10 | AI12: =AG12-AH12 -> 1
A13: 46044 | B13: aithabattula venkateswararao | C13: 29 | F13: Razole(SC) | G13: MAMIDIKUDURU_PART | H13: PEDAPATNAM | I13: 35 | J13: =IFERROR(VLOOKUP(G13&H13,$E$34:$H$62,4,0),0) -> 34 | K13: =I13-J13 -> 1 | T13: Total | U13: 314 | V13: =SUM(V2:V12) -> 161 | W13: =U13-V13 -> 153 | X13: 140 | Y13: =SUM(Y2:Y12) -> 149 | Z13: =SUM(Z2:Z12) -> -9 | AA13: 315 | AB13: =SUM(AB2:AB12) -> 258 | AC13: =AA13-AB13 -> 57 | AD13: 281 | AE13: =SUM(AE2:AE12) -> 251 | AF13: =AD13-AE13 -> 30 | AG13: 1050 | AH13: =SUM(AH2:AH12) -> 819 | AI13: =AG13-AH13 -> 231
A14: 46045 | B14: T Obulesu | C14: 25 | F14: Razole(SC) | G14: RAZOLE | H14: RAZOLE | I14: 70 | J14: =IFERROR(VLOOKUP(G14&H14,$E$34:$H$62,4,0),0) -> 29 | K14: =I14-J14 -> 41
A15: 46045 | B15: krishna | C15: 67 | F15: Razole(SC) | G15: RAZOLE | H15: SIVAKODU | I15: 70 | J15: =IFERROR(VLOOKUP(G15&H15,$E$34:$H$62,4,0),0) -> 70 | K15: =I15-J15 -> 0
A16: 46045 | B16: Bommappagari Obulapathi | C16: 7 | F16: Razole(SC) | G16: RAZOLE | H16: TATIPAKA | I16: 35 | J16: =IFERROR(VLOOKUP(G16&H16,$E$34:$H$62,4,0),0) -> 38 | K16: =I16-J16 -> -3
A17: 46045 | B17: aithabattula venkateswararao | C17: 40 | F17: Razole(SC) | G17: RAZOLE | H17: CHINTALAPALLE | I17: 35 | J17: =IFERROR(VLOOKUP(G17&H17,$E$34:$H$62,4,0),0) -> 47 | K17: =I17-J17 -> -12
A18: 46046 | B18: T Obulesu | C18: 58 | F18: Razole(SC) | G18: RAZOLE | H18: PONNAMANDA | I18: 35 | J18: =IFERROR(VLOOKUP(G18&H18,$E$34:$H$62,4,0),0) -> 1 | K18: =I18-J18 -> 34
A19: 46046 | B19: Nageswararao Nukala | C19: 1 | F19: Razole(SC) | G19: RAZOLE | H19: KADALI | I19: 35 | J19: =IFERROR(VLOOKUP(G19&H19,$E$34:$H$62,4,0),0) -> 28 | K19: =I19-J19 -> 7
A20: 46046 | B20: Kumpatla venkata satya suryamohan rao | C20: 26 | F20: Razole(SC) | G20: RAZOLE | H20: KATRENIPADU | I20: 35 | J20: =IFERROR(VLOOKUP(G20&H20,$E$34:$H$62,4,0),0) -> 45 | K20: =I20-J20 -> -10 | T20: MANDAL | U20: Samples | V20: Req%
A21: 46046 | B21: krishna | C21: 41 | F21: Razole(SC) | G21: SAKHINETIPALLE | H21: SAKINETIPALLE | I21: 70 | J21: =IFERROR(VLOOKUP(G21&H21,$E$34:$H$62,4,0),0) -> 78 | K21: =I21-J21 -> -8 | T21: MALIKIPURAM | U21: 315 | V21: 0.31016074
A22: 46046 | B22: Bommappagari Obulapathi | C22: 33 | F22: Razole(SC) | G22: SAKHINETIPALLE | H22: KESAVADASUPALEM | I22: 70 | J22: =IFERROR(VLOOKUP(G22&H22,$E$34:$H$62,4,0),0) -> 79 | K22: =I22-J22 -> -9 | T22: MAMIDIKUDURU_PART | U22: 140 | V22: 0.11239633
A23: 46046 | B23: aithabattula venkateswararao | C23: 41 | F23: Razole(SC) | G23: SAKHINETIPALLE | H23: VUYYURIVARI MERAKA | I23: 35 | J23: =IFERROR(VLOOKUP(G23&H23,$E$34:$H$62,4,0),0) -> 6 | K23: =I23-J23 -> 29 | T23: RAZOLE | U23: 315 | V23: 0.28929878
A24: 46047 | B24: Kumpatla venkata satya suryamohan rao | C24: 20 | F24: Razole(SC) | G24: SAKHINETIPALLE | H24: ANTARVEDIPALEM | I24: 35 | J24: =IFERROR(VLOOKUP(G24&H24,$E$34:$H$62,4,0),0) -> 35 | K24: =I24-J24 -> 0 | T24: SAKHINETIPALLE | U24: 280 | V24: 0.28814415
A25: 46047 | B25: aithabattula venkateswararao | C25: 29 | F25: Razole(SC) | G25: SAKHINETIPALLE | H25: ANTARVEDI | I25: 35 | J25: =IFERROR(VLOOKUP(G25&H25,$E$34:$H$62,4,0),0) -> 37 | K25: =I25-J25 -> -2 | T25: Grand Total | U25: 1050 | V25: =SUM(V21:V24) -> 1
A26: 46048 | B26: aithabattula venkateswararao | C26: 67 | F26: Razole(SC) | G26: SAKHINETIPALLE | H26: GONDI | I26: 35 | J26: =IFERROR(VLOOKUP(G26&H26,$E$34:$H$62,4,0),0) -> 16 | K26: =I26-J26 -> 19
A27: 46049 | B27: aithabattula venkateswararao | C27: 49
A28: 46050 | B28: aithabattula venkateswararao | C28: 8
A29: Grand Total | C29: 819
F31: Valid or Not | G31: Valid | N31: Valid or Not | O31: Valid | T31: Valid or Not | U31: Valid
F33: Taluka | G33: Locality | H33: Count of Q18: Gender | N33: Taluka | O33: Count of Q18: Gender | T33: Count of Q18: Gender | U33: Q18: Gender
E34: =F34&G34 -> MAMIDIKUDURU_PARTB.DODDAVARAM | F34: MAMIDIKUDURU_PART | G34: B.DODDAVARAM | H34: 32 | N34: MAMIDIKUDURU_PART | O34: 149 | T34: Taluka | U34: Male | V34: Female | W34: Grand Total
E35: =F35&G35 -> MAMIDIKUDURU_PARTPEDAPATNAM | F35: MAMIDIKUDURU_PART | G35: PEDAPATNAM | H35: 34 | N35: RAZOLE | O35: 258 | T35: MAMIDIKUDURU_PART | U35: 109 | V35: 40 | W35: 149
E36: =F36&G36 -> MAMIDIKUDURU_PARTPEDAPATNAM LANKA | F36: MAMIDIKUDURU_PART | G36: PEDAPATNAM LANKA | H36: 41 | N36: SAKHINETIPALLE | O36: 251 | T36: RAZOLE | U36: 148 | V36: 110 | W36: 258
E37: =F37&G37 -> MAMIDIKUDURU_PARTPASARLAPUDI LANKA | F37: MAMIDIKUDURU_PART | G37: PASARLAPUDI LANKA | H37: 42 | N37: MALIKIPURAM | O37: 161 | T37: SAKHINETIPALLE | U37: 201 | V37: 50 | W37: 251
E38: =F38&G38 -> RAZOLERAZOLE | F38: RAZOLE | G38: RAZOLE | H38: 29 | N38: Grand Total | O38: 819 | T38: MALIKIPURAM | U38: 130 | V38: 31 | W38: 161
E39: =F39&G39 -> RAZOLETATIPAKA | F39: RAZOLE | G39: TATIPAKA | H39: 38 | T39: Grand Total | U39: 588 | V39: 231 | W39: 819
E40: =F40&G40 -> RAZOLEKADALI | F40: RAZOLE | G40: KADALI | H40: 28
E41: =F41&G41 -> RAZOLEPONNAMANDA | F41: RAZOLE | G41: PONNAMANDA | H41: 1
E42: =F42&G42 -> RAZOLEKATRENIPADU | F42: RAZOLE | G42: KATRENIPADU | H42: 45
E43: =F43&G43 -> RAZOLESIVAKODU | F43: RAZOLE | G43: SIVAKODU | H43: 70
E44: =F44&G44 -> RAZOLECHINTALAPALLE | F44: RAZOLE | G44: CHINTALAPALLE | H44: 47
E45: =F45&G45 -> SAKHINETIPALLESAKINETIPALLE | F45: SAKHINETIPALLE | G45: SAKINETIPALLE | H45: 78
E46: =F46&G46 -> SAKHINETIPALLEGONDI | F46: SAKHINETIPALLE | G46: GONDI | H46: 16
E47: =F47&G47 -> SAKHINETIPALLEANTARVEDIPALEM | F47: SAKHINETIPALLE | G47: ANTARVEDIPALEM | H47: 35
E48: =F48&G48 -> SAKHINETIPALLEANTARVEDI | F48: SAKHINETIPALLE | G48: ANTARVEDI | H48: 37
E49: =F49&G49 -> SAKHINETIPALLEKESAVADASUPALEM | F49: SAKHINETIPALLE | G49: KESAVADASUPALEM | H49: 79
E50: =F50&G50 -> SAKHINETIPALLEVUYYURIVARI MERAKA | F50: SAKHINETIPALLE | G50: VUYYURIVARI MERAKA | H50: 6
E51: =F51&G51 -> MALIKIPURAMLAKKAVARAM | F51: MALIKIPURAM | G51: LAKKAVARAM | H51: 44
... E54: =F54&G54 -> MALIKIPURAMTURPUPALEM | F54: MALIKIPURAM | G54: TURPUPALEM | H54: 17
E55: =F55&G55 -> Grand Total | F55: Grand Total | H55: 819
E56: =F56&G56

Sheet Factor
A1: Caste | B1: Pop% | C1: Rev % | D1: Samples | H1: Caste | I1: Samples | J1: TBT | K1: Factor | N1: Caste | O1: Samples | P1: Female | Q1: Male | R1: TBT | S1: Female/Male TBT | U1: Caste | V1: Gender | W1: =U1&V1 -> CasteGender | X1: Factor | AA1: Valid or Not | AB1: Valid
A2: Mala | B2: 0.26544058 | C2: 0.28917814 | D2: 289.17814 | H2: Mala | I2: =COUNTIFS(Table1[Caste],$H2,Table1[Valid or Not],"Valid") -> 209 | J2: =VLOOKUP(H2,$A$1:$D$13,4,0) -> 289.17814 | K2: =J2/I2 -> 1.3836275 | N2: Mala | O2: =COUNTIFS(Table1[Caste],N2,Table1[Valid or Not],"Valid") -> 209 | P2: =COUNTIFS(Table1[Caste],N2,Table1[Q18: Gender],"Female",Table1[Valid or Not],"Valid") -> 75 | Q2: =COUNTIFS(Table1[Caste],N2,Table1[Q18: Gender],"Male",Table1[Valid or Not],"Valid") -> 134 | R2: =VLOOKUP(N2,$A$1:$C$13,3,0)*1000 -> 289.17814 | S2: =R2*0.5 -> 144.58907 | U2: Mala | V2: Female | W2: =U2&V2 -> MalaFemale | X2: =VLOOKUP(U2,$N$1:$S$13,6,0)/VLOOKUP(U2,$N$1:$S$13,3,0) -> 1.9278542
A3: Kapu | B3: 0.26301958 | C3: 0.28654064 | D3: 286.54064 | H3: Kapu | I3: =COUNTIFS(Table1[Caste],$H3,Table1[Valid or Not],"Valid") -> 250 | J3: =VLOOKUP(H3,$A$1:$D$13,4,0) -> 286.54064 | K3: =J3/I3 -> 1.1461626 | N3: Kapu | O3: =COUNTIFS(Table1[Caste],N3,Table1[Valid or Not],"Valid") -> 250 | P3: =COUNTIFS(Table1[Caste],N3,Table1[Q18: Gender],"Female",Table1[Valid or Not],"Valid") -> 51 | Q3: =COUNTIFS(Table1[Caste],N3,Table1[Q18: Gender],"Male",Table1[Valid or Not],"Valid") -> 199 | R3: =VLOOKUP(N3,$A$1:$C$13,3,0)*1000 -> 286.54064 | S3: =R3*0.5 -> 143.27032 | U3: Kapu | V3: Female | W3: =U3&V3 -> KapuFemale | X3: =VLOOKUP(U3,$N$1:$S$13,6,0)/VLOOKUP(U3,$N$1:$S$13,3,0) -> 2.8092219 | AA3: Count of Q18: Gender | AC3: Q18: Gender
A4: Settibalija | B4: 0.16438776 | C4: 0.17908846 | D4: 179.08846 | H4: Settibalija | I4: =COUNTIFS(Table1[Caste],$H4,Table1[Valid or Not],"Valid") -> 153 | J4: =VLOOKUP(H4,$A$1:$D$13,4,0) -> 179.08846 | K4: =J4/I4 -> 1.1705128 | N4: Settibalija | O4: =COUNTIFS(Table1[Caste],N4,Table1[Valid or Not],"Valid") -> 153 | P4: =COUNTIFS(Table1[Caste],N4,Table1[Q18: Gender],"Female",Table1[Valid or Not],"Valid") -> 41 | Q4: =COUNTIFS(Table1[Caste],N4,Table1[Q18: Gender],"Male",Table1[Valid or Not],"Valid") -> 112 | R4: =VLOOKUP(N4,$A$1:$C$13,3,0)*1000 -> 179.08846 | S4: =R4*0.5 -> 89.544231 | U4: Settibalija | V4: Female | W4: =U4&V4 -> SettibalijaFemale | X4: =VLOOKUP(U4,$N$1:$S$13,6,0)/VLOOKUP(U4,$N$1:$S$13,3,0) -> 2.1840056 | AA4: Taluka | AB4: Caste | AC4: Male | AD4: Female | AE4: Grand Total | AF4: TBT | AG4: TBT Male/Female | AI4: Mandal | AJ4: Caste | AK4: Male | AL4: Factor
A5: Agnikulakshatriya | B5: 0.084511414 | C5: 0.092069017 | D5: 92.069017 | H5: Agnikulakshatriya | I5: =COUNTIFS(Table1[Caste],$H5,Table1[Valid or Not],"Valid") -> 73 | J5: =VLOOKUP(H5,$A$1:$D$13,4,0) -> 92.069017 | K5: =J5/I5 -> 1.2612194 | N5: Agnikulakshatriya | O5: =COUNTIFS(Table1[Caste],N5,Table1[Valid or Not],"Valid") -> 73 | P5: =COUNTIFS(Table1[Caste],N5,Table1[Q18: Gender],"Female",Table1[Valid or Not],"Valid") -> 19 | Q5: =COUNTIFS(Table1[Caste],N5,Table1[Q18: Gender],"Male",Table1[Valid or Not],"Valid") -> 54 | R5: =VLOOKUP(N5,$A$1:$C$13,3,0)*1000 -> 92.069017 | S5: =R5*0.5 -> 46.034508 | U5: Agnikulakshatriya | V5: Female | W5: =U5&V5 -> AgnikulakshatriyaFemale | X5: =VLOOKUP(U5,$N$1:$S$13,6,0)/VLOOKUP(U5,$N$1:$S$13,3,0) -> 2.4228689 | Z5: =AA5&AB5 -> MAMIDIKUDURU_PARTMala | AA5: MAMIDIKUDURU_PART | AB5: Mala | AC5: 31 | AD5: 17 | AE5: 48 | AF5: =VLOOKUP(AA5,$D$42:$E$46,2,0)*VLOOKUP(AB5,$A$1:$C$13,3,0)*1000 -> 32.502562 | AG5: =AF5*0.5 -> 16.251281 | AI5: MAMIDIKUDURU_PART | AJ5: Mala | AK5: =AI5&AJ5&$AK$4 -> MAMIDIKUDURU_PARTMalaMale | AL5: =IFERROR(VLOOKUP(AI5&AJ5,$Z$5:$AG$71,8,0)/VLOOKUP(AI5&AJ5,$Z$5:$AG$71,4,0),0) -> 0.52423487
A6: Madiga | B6: 0.036811568 | C6: 0.040103516 | D6: 40.103516 | H6: Madiga | I6: =COUNTIFS(Table1[Caste],$H6,Table1[Valid or Not],"Valid") -> 50 | J6: =VLOOKUP(H6,$A$1:$D$13,4,0) -> 40.103516 | K6: =J6/I6 -> 0.80207032 | N6: Madiga | O6: =COUNTIFS(Table1[Caste],N6,Table1[Valid or Not],"Valid") -> 50 | P6: =COUNTIFS(Table1[Caste],N6,Table1[Q18: Gender],"Female",Table1[Valid or Not],"Valid") -> 17 | Q6: =COUNTIFS(Table1[Caste],N6,Table1[Q18: Gender],"Male",Table1[Valid or Not],"Valid") -> 33 | R6: =VLOOKUP(N6,$A$1:$C$13,3,0)*1000 -> 40.103516 | S6: =R6*0.5 -> 20.051758 | U6: Madiga | V6: Female | W6: =U6&V6 -> MadigaFemale | X6: =VLOOKUP(U6,$N$1:$S$13,6,0)/VLOOKUP(U6,$N$1:$S$13,3,0) -> 1.1795152 | Z6: =AA6&AB6 -> MAMIDIKUDURU_PARTKapu | AA6: MAMIDIKUDURU_PART | AB6: Kapu | AC6: 29 | AD6: 3 | AE6: 32 | AF6: =VLOOKUP(AA6,$D$42:$E$46,2,0)*VLOOKUP(AB6,$A$1:$C$13,3,0)*1000 -> 32.206117 | AG6: =AF6*0.5 -> 16.103058 | AI6: MAMIDIKUDURU_PART | AJ6: Kapu | AK6: =AI6&AJ6&$AK$4 -> MAMIDIKUDURU_PARTKapuMale | AL6: =IFERROR(VLOOKUP(AI6&AJ6,$Z$5:$AG$71,8,0)/VLOOKUP(AI6&AJ6,$Z$5:$AG$71,4,0),0) -> 0.55527787
A7: Padmasali/Devanga | B7: 0.026076412 | C7: 0.028408348 | D7: 28.408348 | H7: Padmasali/Devanga | I7: =COUNTIFS(Table1[Caste],$H7,Table1[Valid or Not],"Valid") -> 13 | J7: =VLOOKUP(H7,$A$1:$D$13,4,0) -> 28.408348 | K7: =J7/I7 -> 2.1852575 | N7: Padmasali/Devanga | O7: =COUNTIFS(Table1[Caste],N7,Table1[Valid or Not],"Valid") -> 13 | P7: =COUNTIFS(Table1[Caste],N7,Table1[Q18: Gender],"Female",Table1[Valid or Not],"Valid") -> 4 | Q7: =COUNTIFS(Table1[Caste],N7,Table1[Q18: Gender],"Male",Table1[Valid or Not],"Valid") -> 9 | R7: =VLOOKUP(N7,$A$1:$C$13,3,0)*1000 -> 28.408348 | S7: =R7*0.5 -> 14.204174 | U7: Padmasali/Devanga | V7: Female | W7: =U7&V7 -> Padmasali/DevangaFemale | X7: =VLOOKUP(U7,$N$1:$S$13,6,0)/VLOOKUP(U7,$N$1:$S$13,3,0) -> 3.5510435 | Z7: =AA7&AB7 -> MAMIDIKUDURU_PARTSettibalija | AA7: MAMIDIKUDURU_PART | AB7: Settibalija | AC7: 25 | AD7: 9 | AE7: 34 | AF7: =VLOOKUP(AA7,$D$42:$E$46,2,0)*VLOOKUP(AB7,$A$1:$C$13,3,0)*1000 -> 20.128886 | AG7: =AF7*0.5 -> 10.064443 | AI7: MAMIDIKUDURU_PART | AJ7: Settibalija | AK7: =AI7&AJ7&$AK$4 -> MAMIDIKUDURU_PARTSettibalijaMale | AL7: =IFERROR(VLOOKUP(AI7&AJ7,$Z$5:$AG$71,8,0)/VLOOKUP(AI7&AJ7,$Z$5:$AG$71,4,0),0) -> 0.40257772
A8: Yadava | B8: 0.019550067 | C8: 0.021298371 | D8: 21.298371 | H8: Yadava | I8: =COUNTIFS(Table1[Caste],$H8,Table1[Valid or Not],"Valid") -> 19 | J8: =VLOOKUP(H8,$A$1:$D$13,4,0) -> 21.298371 | K8: =J8/I8 -> 1.1209669 | N8: Yadava | O8: =COUNTIFS(Table1[Caste],N8,Table1[Valid or Not],"Valid") -> 19 | P8: =COUNTIFS(Table1[Caste],N8,Table1[Q18: Gender],"Female",Table1[Valid or Not],"Valid") -> 8 | Q8: =COUNTIFS(Table1[Caste],N8,Table1[Q18: Gender],"Male",Table1[Valid or Not],"Valid") -> 11 | R8: =VLOOKUP(N8,$A$1:$C$13,3,0)*1000 -> 21.298371 | S8: =R8*0.5 -> 10.649186 | U8: Yadava | V8: Female | W8: =U8&V8 -> YadavaFemale | X8: =VLOOKUP(U8,$N$1:$S$13,6,0)/VLOOKUP(U8,$N$1:$S$13,3,0) -> 1.3311482 | Z8: =AA8&AB8 -> MAMIDIKUDURU_PARTAgnikulakshatriya | AA8: MAMIDIKUDURU_PART | AB8: Agnikulakshatriya | AC8: 4 | AD8: 1 | AE8: 5 | AF8: =VLOOKUP(AA8,$D$42:$E$46,2,0)*VLOOKUP(AB8,$A$1:$C$13,3,0)*1000 -> 10.34822 | AG8: =AF8*0.5 -> 5.1741099 | AI8: MAMIDIKUDURU_PART | AJ8: Agnikulakshatriya | AK8: =AI8&AJ8&$AK$4 -> MAMIDIKUDURU_PARTAgnikulakshatriyaMale | AL8: =IFERROR(VLOOKUP(AI8&AJ8,$Z$5:$AG$71,8,0)/VLOOKUP(AI8&AJ8,$Z$5:$AG$71,4,0),0) -> 1.2935275
A9: Kshatriya/Rajulu | B9: 0.01863133 | C9: 0.020297474 | D9: 20.297474 | H9: Kshatriya/Rajulu | I9: =COUNTIFS(Table1[Caste],$H9,Table1[Valid or Not],"Valid") -> 11 | J9: =VLOOKUP(H9,$A$1:$D$13,4,0) -> 20.297474 | K9: =J9/I9 -> 1.8452249 | N9: Kshatriya/Rajulu | O9: =COUNTIFS(Table1[Caste],N9,Table1[Valid or Not],"Valid") -> 11 | P9: =COUNTIFS(Table1[Caste],N9,Table1[Q18: Gender],"Female",Table1[Valid or Not],"Valid") -> 4 | Q9: =COUNTIFS(Table1[Caste],N9,Table1[Q18: Gender],"Male",Table1[Valid or Not],"Valid") -> 7 | R9: =VLOOKUP(N9,$A$1:$C$13,3,0)*1000 -> 20.297474 | S9: =R9*0.5 -> 10.148737 | U9: Kshatriya/Rajulu | V9: Female | W9: =U9&V9 -> Kshatriya/RajuluFemale | X9: =VLOOKUP(U9,$N$1:$S$13,6,0)/VLOOKUP(U9,$N$1:$S$13,3,0) -> 2.5371842 | Z9: =AA9&AB9 -> MAMIDIKUDURU_PARTMadiga | AA9: MAMIDIKUDURU_PART | AB9: Madiga | AC9: 10 | AD9: 6 | AE9: 16 | AF9: =VLOOKUP(AA9,$D$42:$E$46,2,0)*VLOOKUP(AB9,$A$1:$C$13,3,0)*1000 -> 4.5074881 | AG9: =AF9*0.5 -> 2.2537441 | AI9: MAMIDIKUDURU_PART | AJ9: Madiga | AK9: =AI9&AJ9&$AK$4 -> MAMIDIKUDURU_PARTMadigaMale | AL9: =IFERROR(VLOOKUP(AI9&AJ9,$Z$5:$AG$71,8,0)/VLOOKUP(AI9&AJ9,$Z$5:$AG$71,4,0),0) -> 0.22537441
A10: Rajaka | B10: 0.018275423 | C10: 0.019909739 | D10: 19.909739 | H10: Rajaka | I10: =COUNTIFS(Table1[Caste],$H10,Table1[Valid or Not],"Valid") -> 19 | J10: =VLOOKUP(H10,$A$1:$D$13,4,0) -> 19.909739 | K10: =J10/I10 -> 1.047881 | N10: Rajaka | O10: =COUNTIFS(Table1[Caste],N10,Table1[Valid or Not],"Valid") -> 19 | P10: =COUNTIFS(Table1[Caste],N10,Table1[Q18: Gender],"Female",Table1[Valid or Not],"Valid") -> 6 | Q10: =COUNTIFS(Table1[Caste],N10,Table1[Q18: Gender],"Male",Table1[Valid or Not],"Valid") -> 13 | R10: =VLOOKUP(N10,$A$1:$C$13,3,0)*1000 -> 19.909739 | S10: =R10*0.5 -> 9.9548695 | U10: Rajaka | V10: Female | W10: =U10&V10 -> RajakaFemale | X10: =VLOOKUP(U10,$N$1:$S$13,6,0)/VLOOKUP(U10,$N$1:$S$13,3,0) -> 1.6591449 | Z10: =AA10&AB10 -> MAMIDIKUDURU_PARTPadmasali/Devanga | AA10: MAMIDIKUDURU_PART | AB10: Padmasali/Devanga | AC10: 2 | AE10: 2 | AF10: =VLOOKUP(AA10,$D$42:$E$46,2,0)*VLOOKUP(AB10,$A$1:$C$13,3,0)*1000 -> 3.1929941 | AG10: =AF10*0.5 -> 1.5964971 | AI10: MAMIDIKUDURU_PART | AJ10: Padmasali/Devanga | AK10: =AI10&AJ10&$AK$4 -> MAMIDIKUDURU_PARTPadmasali/DevangaMale | AL10: =IFERROR(VLOOKUP(AI10&AJ10,$Z$5:$AG$71,8,0)/VLOOKUP(AI10&AJ10,$Z$5:$AG$71,4,0),0) -> 0.79824853
A11: Adi Andhra | B11: 0.011881508 | C11: 0.012944035 | D11: 12.944035 | H11: Adi Andhra | I11: =COUNTIFS(Table1[Caste],$H11,Table1[Valid or Not],"Valid") -> 12 | J11: =VLOOKUP(H11,$A$1:$D$13,4,0) -> 12.944035 | K11: =J11/I11 -> 1.0786696 | N11: Adi Andhra | O11: =COUNTIFS(Table1[Caste],N11,Table1[Valid or Not],"Valid") -> 12 | P11: =COUNTIFS(Table1[Caste],N11,Table1[Q18: Gender],"Female",Table1[Valid or Not],"Valid") -> 6 | Q11: =COUNTIFS(Table1[Caste],N11,Table1[Q18: Gender],"Male",Table1[Valid or Not],"Valid") -> 6 | R11: =VLOOKUP(N11,$A$1:$C$13,3,0)*1000 -> 12.944035 | S11: =R11*0.5 -> 6.4720177 | U11: Adi Andhra | V11: Female | W11: =U11&V11 -> Adi AndhraFemale | X11: =VLOOKUP(U11,$N$1:$S$13,6,0)/VLOOKUP(U11,$N$1:$S$13,3,0) -> 1.0786696 | Z11: =AA11&AB11 -> MAMIDIKUDURU_PARTKshatriya/Rajulu | AA11: MAMIDIKUDURU_PART | AB11: Kshatriya/Rajulu | AC11: 1 | AE11: 1 | AF11: =VLOOKUP(AA11,$D$42:$E$46,2,0)*VLOOKUP(AB11,$A$1:$C$13,3,0)*1000 -> 2.2813616 | AG11: =AF11*0.5 -> 1.1406808 | AI11: MAMIDIKUDURU_PART | AJ11: Yadava | AK11: =AI11&AJ11&$AK$4 -> MAMIDIKUDURU_PARTYadavaMale | AL11: =IFERROR(VLOOKUP(AI11&AJ11,$Z$5:$AG$71,8,0)/VLOOKUP(AI11&AJ11,$Z$5:$AG$71,4,0),0) -> 0
A12: Brahmin | B12: 0.0093280803 | C12: 0.010162263 | D12: 10.162263 | H12: Brahmin | I12: =COUNTIFS(Table1[Caste],$H12,Table1[Valid or Not],"Valid") -> 10 | J12: =VLOOKUP(H12,$A$1:$D$13,4,0) -> 10.162263 | K12: =J12/I12 -> 1.0162263 | N12: Brahmin | O12: =COUNTIFS(Table1[Caste],N12,Table1[Valid or Not],"Valid") -> 10 | P12: =COUNTIFS(Table1[Caste],N12,Table1[Q18: Gender],"Female",Table1[Valid or Not],"Valid") -> 0 | Q12: =COUNTIFS(Table1[Caste],N12,Table1[Q18: Gender],"Male",Table1[Valid or Not],"Valid") -> 10 | R12: =VLOOKUP(N12,$A$1:$C$13,3,0)*1000 -> 10.162263 | S12: =R12*0.5 -> 5.0811313 | U12: Brahmin | V12: Female | W12: =U12&V12 -> BrahminFemale | X12: =VLOOKUP(U12,$N$1:$S$13,6,0)/VLOOKUP(U12,$N$1:$S$13,3,0) -> #DIV/0! | Z12: =AA12&AB12 -> MAMIDIKUDURU_PARTAdi Andhra | AA12: MAMIDIKUDURU_PART | AB12: Adi Andhra | AC12: 2 | AD12: 2 | AE12: 4 | AF12: =VLOOKUP(AA12,$D$42:$E$46,2,0)*VLOOKUP(AB12,$A$1:$C$13,3,0)*1000 -> 1.4548621 | AG12: =AF12*0.5 -> 0.72743105 | AI12: MAMIDIKUDURU_PART | AJ12: Kshatriya/Rajulu | AK12: =AI12&AJ12&$AK$4 -> MAMIDIKUDURU_PARTKshatriya/RajuluMale | AL12: =IFERROR(VLOOKUP(AI12&AJ12,$Z$5:$AG$71,8,0)/VLOOKUP(AI12&AJ12,$Z$5:$AG$71,4,0),0) -> 1.1406808
B13: 0.91791372 | C13: 1 | D13: =SUM(D2:D12) -> 1000 | H13: Grand Total | I13: =SUM(I2:I12) -> 819 | J13: =SUM(J2:J12) -> 1000 | N13: Grand Total | O13: =SUM(O2:O12) -> 819 | P13: =SUM(P2:P12) -> 231 | Q13: =SUM(Q2:Q12) -> 588 | R13: =SUM(R2:R12) -> 1000 | S13: =SUM(S2:S12) -> 500 | U13: Mala | V13: Male | W13: =U13&V13 -> MalaMale | X13: =VLOOKUP(U13,$N$1:$S$13,6,0)/VLOOKUP(U13,$N$1:$S$13,4,0) -> 1.0790229 | Z13: =AA13&AB13 -> MAMIDIKUDURU_PARTRajaka | AA13: MAMIDIKUDURU_PART | AB13: Rajaka | AC13: 5 | AD13: 2 | AE13: 7 | AF13: =VLOOKUP(AA13,$D$42:$E$46,2,0)*VLOOKUP(AB13,$A$1:$C$13,3,0)*1000 -> 2.2377816 | AG13: =AF13*0.5 -> 1.1188908 | AI13: MAMIDIKUDURU_PART | AJ13: Rajaka | AK13: =AI13&AJ13&$AK$4 -> MAMIDIKUDURU_PARTRajakaMale | AL13: =IFERROR(VLOOKUP(AI13&AJ13,$Z$5:$AG$71,8,0)/VLOOKUP(AI13&AJ13,$Z$5:$AG$71,4,0),0) -> 0.22377816
U14: Kapu | V14: Male | W14: =U14&V14 -> KapuMale | X14: =VLOOKUP(U14,$N$1:$S$13,6,0)/VLOOKUP(U14,$N$1:$S$13,4,0) -> 0.71995135 | Z14: =AA14&AB14 -> RAZOLEMala | AA14: RAZOLE | AB14: Mala | AC14: 46 | AD14: 34 | AE14: 80 | AF14: =VLOOKUP(AA14,$D$42:$E$46,2,0)*VLOOKUP(AB14,$A$1:$C$13,3,0)*1000 -> 83.658882 | AG14: =AF14*0.5 -> 41.829441 | AI14: MAMIDIKUDURU_PART | AJ14: Adi Andhra | AK14: =AI14&AJ14&$AK$4 -> MAMIDIKUDURU_PARTAdi AndhraMale | AL14: =IFERROR(VLOOKUP(AI14&AJ14,$Z$5:$AG$71,8,0)/VLOOKUP(AI14&AJ14,$Z$5:$AG$71,4,0),0) -> 0.36371552
U15: Settibalija | V15: Male | W15: =U15&V15 -> SettibalijaMale | X15: =VLOOKUP(U15,$N$1:$S$13,6,0)/VLOOKUP(U15,$N$1:$S$13,4,0) -> 0.79950206 | Z15: =AA15&AB15 -> RAZOLEKapu | AA15: RAZOLE | AB15: Kapu | AC15: 31 | AD15: 23 | AE15: 54 | AF15: =VLOOKUP(AA15,$D$42:$E$46,2,0)*VLOOKUP(AB15,$A$1:$C$13,3,0)*1000 -> 82.895857 | AG15: =AF15*0.5 -> 41.447928 | AI15: MAMIDIKUDURU_PART | AJ15: Brahmin | AK15: =AI15&AJ15&$AK$4 -> MAMIDIKUDURU_PARTBrahminMale | AL15: =IFERROR(VLOOKUP(AI15&AJ15,$Z$5:$AG$71,8,0)/VLOOKUP(AI15&AJ15,$Z$5:$AG$71,4,0),0) -> 0
U16: Agnikulakshatriya | V16: Male | W16: =U16&V16 -> AgnikulakshatriyaMale | X16: =VLOOKUP(U16,$N$1:$S$13,6,0)/VLOOKUP(U16,$N$1:$S$13,4,0) -> 0.8524909 | Z16: =AA16&AB16 -> RAZOLESettibalija | AA16: RAZOLE | AB16: Settibalija | AC16: 35 | AD16: 27 | AE16: 62 | AF16: =VLOOKUP(AA16,$D$42:$E$46,2,0)*VLOOKUP(AB16,$A$1:$C$13,3,0)*1000 -> 51.810074 | AG16: =AF16*0.5 -> 25.905037 | AI16: RAZOLE | AJ16: Mala | AK16: =AI16&AJ16&$AK$4 -> RAZOLEMalaMale | AL16: =IFERROR(VLOOKUP(AI16&AJ16,$Z$5:$AG$71,8,0)/VLOOKUP(AI16&AJ16,$Z$5:$AG$71,4,0),0) -> 0.90933568
U17: Madiga | V17: Male | W17: =U17&V17 -> MadigaMale | X17: =VLOOKUP(U17,$N$1:$S$13,6,0)/VLOOKUP(U17,$N$1:$S$13,4,0) -> 0.60762903 | Z17: =AA17&AB17 -> RAZOLEAgnikulakshatriya | AA17: RAZOLE | AB17: Agnikulakshatriya | AC17: 10 | AD17: 8 | AE17: 18 | AF17: =VLOOKUP(AA17,$D$42:$E$46,2,0)*VLOOKUP(AB17,$A$1:$C$13,3,0)*1000 -> 26.635454 | AG17: =AF17*0.5 -> 13.317727 | AI17: RAZOLE | AJ17: Kapu | AK17: =AI17&AJ17&$AK$4 -> RAZOLEKapuMale | AL17: =IFERROR(VLOOKUP(AI17&AJ17,$Z$5:$AG$71,8,0)/VLOOKUP(AI17&AJ17,$Z$5:$AG$71,4,0),0) -> 1.33703
U18: Padmasali/Devanga | V18: Male | W18: =U18&V18 -> Padmasali/DevangaMale | X18: =VLOOKUP(U18,$N$1:$S$13,6,0)/VLOOKUP(U18,$N$1:$S$13,4,0) -> 1.5782416 | Z18: =AA18&AB18 -> RAZOLEMadiga | AA18: RAZOLE | AB18: Madiga | AC18: 15 | AD18: 5 | AE18: 20 | AF18: =VLOOKUP(AA18,$D$42:$E$46,2,0)*VLOOKUP(AB18,$A$1:$C$13,3,0)*1000 -> 11.601898 | AG18: =AF18*0.5 -> 5.8009492 | AI18: RAZOLE | AJ18: Settibalija | AK18: =AI18&AJ18&$AK$4 -> RAZOLESettibalijaMale | AL18: =IFERROR(VLOOKUP(AI18&AJ18,$Z$5:$AG$71,8,0)/VLOOKUP(AI18&AJ18,$Z$5:$AG$71,4,0),0) -> 0.74014391
A19: Valid or Not | B19: Valid | U19: Yadava | V19: Male | W19: =U19&V19 -> YadavaMale | X19: =VLOOKUP(U19,$N$1:$S$13,6,0)/VLOOKUP(U19,$N$1:$S$13,4,0) -> 0.96810778 | Z19: =AA19&AB19 -> RAZOLEPadmasali/Devanga | AA19: RAZOLE | AB19: Padmasali/Devanga | AC19: 1 | AD19: 4 | AE19: 5 | AF19: =VLOOKUP(AA19,$D$42:$E$46,2,0)*VLOOKUP(AB19,$A$1:$C$13,3,0)*1000 -> 8.2185004 | AG19: =AF19*0.5 -> 4.1092502 | AI19: RAZOLE | AJ19: Agnikulakshatriya | AK19: =AI19&AJ19&$AK$4 -> RAZOLEAgnikulakshatriyaMale | AL19: =IFERROR(VLOOKUP(AI19&AJ19,$Z$5:$AG$71,8,0)/VLOOKUP(AI19&AJ19,$Z$5:$AG$71,4,0),0) -> 1.3317727
U20: Kshatriya/Rajulu | V20: Male | W20: =U20&V20 -> Kshatriya/RajuluMale | X20: =VLOOKUP(U20,$N$1:$S$13,6,0)/VLOOKUP(U20,$N$1:$S$13,4,0) -> 1.4498196 | Z20: =AA20&AB20 -> RAZOLEYadava | AA20: RAZOLE | AB20: Yadava | AD20: 2 | AE20: 2 | AF20: =VLOOKUP(AA20,$D$42:$E$46,2,0)*VLOOKUP(AB20,$A$1:$C$13,3,0)*1000 -> 6.1615928 | AG20: =AF20*0.5 -> 3.0807964 | AI20: RAZOLE | AJ20: Madiga | AK20: =AI20&AJ20&$AK$4 -> RAZOLEMadigaMale | AL20: =IFERROR(VLOOKUP(AI20&AJ20,$Z$5:$AG$71,8,0)/VLOOKUP(AI20&AJ20,$Z$5:$AG$71,4,0),0) -> 0.38672994
A21: 2024 AE | B21: Count of Q18: Gender | C21: Count of Q18: Gender2 | E21: Collected | F21: 2024 Result | G21: TBT | H21: Factor | U21: Rajaka | V21: Male | W21: =U21&V21 -> RajakaMale | X21: =VLOOKUP(U21,$N$1:$S$13,6,0)/VLOOKUP(U21,$N$1:$S$13,4,0) -> 0.76575919 | Z21: =AA21&AB21 -> RAZOLEKshatriya/Rajulu | AA21: RAZOLE | AB21: Kshatriya/Rajulu | AC21: 3 | AD21: 2 | AE21: 5 | AF21: =VLOOKUP(AA21,$D$42:$E$46,2,0)*VLOOKUP(AB21,$A$1:$C$13,3,0)*1000 -> 5.8720344 | AG21: =AF21*0.5 -> 2.9360172 | AI21: RAZOLE | AJ21: Padmasali/Devanga | AK21: =AI21&AJ21&$AK$4 -> RAZOLEPadmasali/DevangaMale | AL21: =IFERROR(VLOOKUP(AI21&AJ21,$Z$5:$AG$71,8,0)/VLOOKUP(AI21&AJ21,$Z$5:$AG$71,4,0),0) -> 4.1092502
A22: YSRCP (వైఎస్‌ఆర్‌సీపీ) | B22: 197 | C22: 0.24053724 | D22: YSRCP (వైఎస్‌ఆర్‌సీపీ) | E22: =VLOOKUP(D22,$A$22:$B$25,2,0) -> 197 | F22: 0.3557 | G22: =F22*1000 -> 355.7 | H22: =G22/E22 -> 1.8055838 | U22: Adi Andhra | V22: Male | W22: =U22&V22 -> Adi AndhraMale | X22: =VLOOKUP(U22,$N$1:$S$13,6,0)/VLOOKUP(U22,$N$1:$S$13,4,0) -> 1.0786696 | Z22: =AA22&AB22 -> RAZOLEAdi Andhra | AA22: RAZOLE | AB22: Adi Andhra | AC22: 4 | AD22: 3 | AE22: 7 | AF22: =VLOOKUP(AA22,$D$42:$E$46,2,0)*VLOOKUP(AB22,$A$1:$C$13,3,0)*1000 -> 3.7446937 | AG22: =AF22*0.5 -> 1.8723468 | AI22: RAZOLE | AJ22: Yadava | AK22: =AI22&AJ22&$AK$4 -> RAZOLEYadavaMale | AL22: =IFERROR(VLOOKUP(AI22&AJ22,$Z$5:$AG$71,8,0)/VLOOKUP(AI22&AJ22,$Z$5:$AG$71,4,0),0) -> 0
A23: TDP/JSP/BJP (కూటమి) | B23: 557 | C23: 0.68009768 | D23: TDP/JSP/BJP (కూటమి) | E23: =VLOOKUP(D23,$A$22:$B$25,2,0) -> 557 | F23: 0.6013 | G23: =F23*1000 -> 601.3 | H23: =G23/E23 -> 1.0795332 | U23: Brahmin | V23: Male | W23: =U23&V23 -> BrahminMale | X23: =VLOOKUP(U23,$N$1:$S$13,6,0)/VLOOKUP(U23,$N$1:$S$13,4,0) -> 0.50811313 | Z23: =AA23&AB23 -> RAZOLERajaka | AA23: RAZOLE | AB23: Rajaka | AC23: 1 | AD23: 2 | AE23: 3 | AF23: =VLOOKUP(AA23,$D$42:$E$46,2,0)*VLOOKUP(AB23,$A$1:$C$13,3,0)*1000 -> 5.7598632 | AG23: =AF23*0.5 -> 2.8799316 | AI23: RAZOLE | AJ23: Kshatriya/Rajulu | AK23: =AI23&AJ23&$AK$4 -> RAZOLEKshatriya/RajuluMale | AL23: =IFERROR(VLOOKUP(AI23&AJ23,$Z$5:$AG$71,8,0)/VLOOKUP(AI23&AJ23,$Z$5:$AG$71,4,0),0) -> 0.9786724
A24: Others (ఇతరులు) | B24: 53 | C24: 0.064713065 | E24: =B27-SUM(E22:E23) -> 65 | F24: =1-SUM(F22:F23) -> 0.043 | G24: =F24*1000 -> 43 | H24: =G24/E24 -> 0.66153846 | Z24: =AA24&AB24 -> RAZOLEBrahmin | AA24: RAZOLE | AB24: Brahmin | AC24: 2 | AE24: 2 | AF24: =VLOOKUP(AA24,$D$42:$E$46,2,0)*VLOOKUP(AB24,$A$1:$C$13,3,0)*1000 -> 2.9399302 | AG24: =AF24*0.5 -> 1.4699651 | AI24: RAZOLE | AJ24: Rajaka | AK24: =AI24&AJ24&$AK$4 -> RAZOLERajakaMale | AL24: =IFERROR(VLOOKUP(AI24&AJ24,$Z$5:$AG$71,8,0)/VLOOKUP(AI24&AJ24,$Z$5:$AG$71,4,0),0) -> 2.8799316
A25: Did Not Vote | B25: 8 | C25: 0.0097680098 | Z25: =AA25&AB25 -> SAKHINETIPALLEMala | AA25: SAKHINETIPALLE | AB25: Mala | AC25: 36 | AD25: 13 | AE25: 49 | AF25: =VLOOKUP(AA25,$D$42:$E$46,2,0)*VLOOKUP(AB25,$A$1:$C$13,3,0)*1000 -> 83.324989 | AG25: =AF25*0.5 -> 41.662494 | AI25: RAZOLE | AJ25: Adi Andhra | AK25: =AI25&AJ25&$AK$4 -> RAZOLEAdi AndhraMale | AL25: =IFERROR(VLOOKUP(AI25&AJ25,$Z$5:$AG$71,8,0)/VLOOKUP(AI25&AJ25,$Z$5:$AG$71,4,0),0) -> 0.46808671
A26: INC (కాంగ్రెస్) | B26: 4 | C26: 0.0048840049 | Z26: =AA26&AB26 -> SAKHINETIPALLEKapu | AA26: SAKHINETIPALLE | AB26: Kapu | AC26: 76 | AD26: 18 | AE26: 94 | AF26: =VLOOKUP(AA26,$D$42:$E$46,2,0)*VLOOKUP(AB26,$A$1:$C$13,3,0)*1000 -> 82.565009 | AG26: =AF26*0.5 -> 41.282504 | AI26: RAZOLE | AJ26: Brahmin | AK26: =AI26&AJ26&$AK$4 -> RAZOLEBrahminMale | AL26: =IFERROR(VLOOKUP(AI26&AJ26,$Z$5:$AG$71,8,0)/VLOOKUP(AI26&AJ26,$Z$5:$AG$71,4,0),0) -> 0.73498254
A27: Grand Total | B27: 819 | C27: 1 | Z27: =AA27&AB27 -> SAKHINETIPALLESettibalija | AA27: SAKHINETIPALLE | AB27: Settibalija | AC27: 28 | AD27: 1 | AE27: 29 | AF27: =VLOOKUP(AA27,$D$42:$E$46,2,0)*VLOOKUP(AB27,$A$1:$C$13,3,0)*1000 -> 51.603293 | AG27: =AF27*0.5 -> 25.801646 | AI27: SAKHINETIPALLE | AJ27: Mala | AK27: =AI27&AJ27&$AK$4 -> SAKHINETIPALLEMalaMale | AL27: =IFERROR(VLOOKUP(AI27&AJ27,$Z$5:$AG$71,8,0)/VLOOKUP(AI27&AJ27,$Z$5:$AG$71,4,0),0) -> 1.1572915
Z28: =AA28&AB28 -> SAKHINETIPALLEAgnikulakshatriya | AA28: SAKHINETIPALLE | AB28: Agnikulakshatriya | AC28: 32 | AD28: 6 | AE28: 38 | AF28: =VLOOKUP(AA28,$D$42:$E$46,2,0)*VLOOKUP(AB28,$A$1:$C$13,3,0)*1000 -> 26.529149 | AG28: =AF28*0.5 -> 13.264574 | AI28: SAKHINETIPALLE | AJ28: Kapu | AK28: =AI28&AJ28&$AK$4 -> SAKHINETIPALLEKapuMale | AL28: =IFERROR(VLOOKUP(AI28&AJ28,$Z$5:$AG$71,8,0)/VLOOKUP(AI28&AJ28,$Z$5:$AG$71,4,0),0) -> 0.54319085
Z29: =AA29&AB29 -> SAKHINETIPALLEMadiga | AA29: SAKHINETIPALLE | AB29: Madiga | AC29: 5 | AD29: 3 | AE29: 8 | AF29: =VLOOKUP(AA29,$D$42:$E$46,2,0)*VLOOKUP(AB29,$A$1:$C$13,3,0)*1000 -> 11.555594 | AG29: =AF29*0.5 -> 5.7777968 | AI29: SAKHINETIPALLE | AJ29: Settibalija | AK29: =AI29&AJ29&$AK$4 -> SAKHINETIPALLESettibalijaMale | AL29: =IFERROR(VLOOKUP(AI29&AJ29,$Z$5:$AG$71,8,0)/VLOOKUP(AI29&AJ29,$Z$5:$AG$71,4,0),0) -> 0.92148737
Z30: =AA30&AB30 -> SAKHINETIPALLEPadmasali/Devanga | AA30: SAKHINETIPALLE | AB30: Padmasali/Devanga | AC30: 1 | AE30: 1 | AF30: =VLOOKUP(AA30,$D$42:$E$46,2,0)*VLOOKUP(AB30,$A$1:$C$13,3,0)*1000 -> 8.1856993 | AG30: =AF30*0.5 -> 4.0928497 | AI30: SAKHINETIPALLE | AJ30: Agnikulakshatriya | AK30: =AI30&AJ30&$AK$4 -> SAKHINETIPALLEAgnikulakshatriyaMale | AL30: =IFERROR(VLOOKUP(AI30&AJ30,$Z$5:$AG$71,8,0)/VLOOKUP(AI30&AJ30,$Z$5:$AG$71,4,0),0) -> 0.41451795
A31: Valid or Not | B31: Valid | Z31: =AA31&AB31 -> SAKHINETIPALLEYadava | AA31: SAKHINETIPALLE | AB31: Yadava | AC31: 10 | AD31: 6 | AE31: 16 | AF31: =VLOOKUP(AA31,$D$42:$E$46,2,0)*VLOOKUP(AB31,$A$1:$C$13,3,0)*1000 -> 6.137001 | AG31: =AF31*0.5 -> 3.0685005 | AI31: SAKHINETIPALLE | AJ31: Madiga | AK31: =AI31&AJ31&$AK$4 -> SAKHINETIPALLEMadigaMale | AL31: =IFERROR(VLOOKUP(AI31&AJ31,$Z$5:$AG$71,8,0)/VLOOKUP(AI31&AJ31,$Z$5:$AG$71,4,0),0) -> 1.1555594
Z32: =AA32&AB32 -> SAKHINETIPALLEKshatriya/Rajulu | AA32: SAKHINETIPALLE | AB32: Kshatriya/Rajulu | AC32: 1 | AD32: 1 | AE32: 2 | AF32: =VLOOKUP(AA32,$D$42:$E$46,2,0)*VLOOKUP(AB32,$A$1:$C$13,3,0)*1000 -> 5.8485984 | AG32: =AF32*0.5 -> 2.9242992 | AI32: SAKHINETIPALLE | AJ32: Padmasali/Devanga | AK32: =AI32&AJ32&$AK$4 -> SAKHINETIPALLEPadmasali/DevangaMale | AL32: =IFERROR(VLOOKUP(AI32&AJ32,$Z$5:$AG$71,8,0)/VLOOKUP(AI32&AJ32,$Z$5:$AG$71,4,0),0) -> 4.0928497
A33: Q18: Gender | B33: Count of Q18: Gender | C33: Count of Q18: Gender2 | D33: TBT | E33: Factor | Z33: =AA33&AB33 -> SAKHINETIPALLERajaka | AA33: SAKHINETIPALLE | AB33: Rajaka | AC33: 4 | AD33: 2 | AE33: 6 | AF33: =VLOOKUP(AA33,$D$42:$E$46,2,0)*VLOOKUP(AB33,$A$1:$C$13,3,0)*1000 -> 5.7368748 | AG33: =AF33*0.5 -> 2.8684374 | AI33: SAKHINETIPALLE | AJ33: Yadava | AK33: =AI33&AJ33&$AK$4 -> SAKHINETIPALLEYadavaMale | AL33: =IFERROR(VLOOKUP(AI33&AJ33,$Z$5:$AG$71,8,0)/VLOOKUP(AI33&AJ33,$Z$5:$AG$71,4,0),0) -> 0.30685005
A34: Male | B34: 588 | C34: 0.71794872 | D34: 500 | E34: =D34/B34 -> 0.85034014 | Z34: =AA34&AB34 -> SAKHINETIPALLEBrahmin | AA34: SAKHINETIPALLE | AB34: Brahmin | AC34: 8 | AE34: 8 | AF34: =VLOOKUP(AA34,$D$42:$E$46,2,0)*VLOOKUP(AB34,$A$1:$C$13,3,0)*1000 -> 2.9281965 | AG34: =AF34*0.5 -> 1.4640983 | AI34: SAKHINETIPALLE | AJ34: Kshatriya/Rajulu | AK34: =AI34&AJ34&$AK$4 -> SAKHINETIPALLEKshatriya/RajuluMale | AL34: =IFERROR(VLOOKUP(AI34&AJ34,$Z$5:$AG$71,8,0)/VLOOKUP(AI34&AJ34,$Z$5:$AG$71,4,0),0) -> 2.9242992
A35: Female | B35: 231 | C35: 0.28205128 | D35: 500 | E35: =D35/B35 -> 2.1645022 | Z35: =AA35&AB35 -> MALIKIPURAMMala | AA35: MALIKIPURAM | AB35: Mala | AC35: 21 | AD35: 11 | AE35: 32 | AF35: =VLOOKUP(AA35,$D$42:$E$46,2,0)*VLOOKUP(AB35,$A$1:$C$13,3,0)*1000 -> 89.691704 | AG35: =AF35*0.5 -> 44.845852 | AI35: SAKHINETIPALLE | AJ35: Rajaka | AK35: =AI35&AJ35&$AK$4 -> SAKHINETIPALLERajakaMale | AL35: =IFERROR(VLOOKUP(AI35&AJ35,$Z$5:$AG$71,8,0)/VLOOKUP(AI35&AJ35,$Z$5:$AG$71,4,0),0) -> 0.71710935
A36: Grand Total | B36: 819 | C36: 1 | Z36: =AA36&AB36 -> MALIKIPURAMKapu | AA36: MALIKIPURAM | AB36: Kapu | AC36: 63 | AD36: 7 | AE36: 70 | AF36: =VLOOKUP(AA36,$D$42:$E$46,2,0)*VLOOKUP(AB36,$A$1:$C$13,3,0)*1000 -> 88.873656 | AG36: =AF36*0.5 -> 44.436828 | AI36: SAKHINETIPALLE | AJ36: Adi Andhra | AK36: =AI36&AJ36&$AK$4 -> SAKHINETIPALLEAdi AndhraMale | AL36: =IFERROR(VLOOKUP(AI36&AJ36,$Z$5:$AG$71,8,0)/VLOOKUP(AI36&AJ36,$Z$5:$AG$71,4,0),0) -> 0
Z37: =AA37&AB37 -> MALIKIPURAMSettibalija | AA37: MALIKIPURAM | AB37: Settibalija | AC37: 24 | AD37: 4 | AE37: 28 | AF37: =VLOOKUP(AA37,$D$42:$E$46,2,0)*VLOOKUP(AB37,$A$1:$C$13,3,0)*1000 -> 55.54621 | AG37: =AF37*0.5 -> 27.773105 | AI37: SAKHINETIPALLE | AJ37: Brahmin | AK37: =AI37&AJ37&$AK$4 -> SAKHINETIPALLEBrahminMale | AL37: =IFERROR(VLOOKUP(AI37&AJ37,$Z$5:$AG$71,8,0)/VLOOKUP(AI37&AJ37,$Z$5:$AG$71,4,0),0) -> 0.18301228
Z38: =AA38&AB38 -> MALIKIPURAMAgnikulakshatriya | AA38: MALIKIPURAM | AB38: Agnikulakshatriya | AC38: 8 | AD38: 4 | AE38: 12 | AF38: =VLOOKUP(AA38,$D$42:$E$46,2,0)*VLOOKUP(AB38,$A$1:$C$13,3,0)*1000 -> 28.556194 | AG38: =AF38*0.5 -> 14.278097 | AI38: MALIKIPURAM | AJ38: Mala | AK38: =AI38&AJ38&$AK$4 -> MALIKIPURAMMalaMale | AL38: =IFERROR(VLOOKUP(AI38&AJ38,$Z$5:$AG$71,8,0)/VLOOKUP(AI38&AJ38,$Z$5:$AG$71,4,0),0) -> 2.1355168
Z39: =AA39&AB39 -> MALIKIPURAMMadiga | AA39: MALIKIPURAM | AB39: Madiga | AC39: 3 | AD39: 3 | AE39: 6 | AF39: =VLOOKUP(AA39,$D$42:$E$46,2,0)*VLOOKUP(AB39,$A$1:$C$13,3,0)*1000 -> 12.438536 | AG39: =AF39*0.5 -> 6.2192681 | AI39: MALIKIPURAM | AJ39: Kapu | AK39: =AI39&AJ39&$AK$4 -> MALIKIPURAMKapuMale | AL39: =IFERROR(VLOOKUP(AI39&AJ39,$Z$5:$AG$71,8,0)/VLOOKUP(AI39&AJ39,$Z$5:$AG$71,4,0),0) -> 0.70534647
A40: Valid or Not | B40: Valid | Z40: =AA40&AB40 -> MALIKIPURAMPadmasali/Devanga | AA40: MALIKIPURAM | AB40: Padmasali/Devanga | AC40: 5 | AE40: 5 | AF40: =VLOOKUP(AA40,$D$42:$E$46,2,0)*VLOOKUP(AB40,$A$1:$C$13,3,0)*1000 -> 8.8111542 | AG40: =AF40*0.5 -> 4.4055771 | AI40: MALIKIPURAM | AJ40: Settibalija | AK40: =AI40&AJ40&$AK$4 -> MALIKIPURAMSettibalijaMale | AL40: =IFERROR(VLOOKUP(AI40&AJ40,$Z$5:$AG$71,8,0)/VLOOKUP(AI40&AJ40,$Z$5:$AG$71,4,0),0) -> 1.1572127
Z41: =AA41&AB41 -> MALIKIPURAMYadava | AA41: MALIKIPURAM | AB41: Yadava | AC41: 1 | AE41: 1 | AF41: =VLOOKUP(AA41,$D$42:$E$46,2,0)*VLOOKUP(AB41,$A$1:$C$13,3,0)*1000 -> 6.6059185 | AG41: =AF41*0.5 -> 3.3029592 | AI41: MALIKIPURAM | AJ41: Agnikulakshatriya | AK41: =AI41&AJ41&$AK$4 -> MALIKIPURAMAgnikulakshatriyaMale | AL41: =IFERROR(VLOOKUP(AI41&AJ41,$Z$5:$AG$71,8,0)/VLOOKUP(AI41&AJ41,$Z$5:$AG$71,4,0),0) -> 1.7847621
A42: Taluka | B42: Count of Q18: Gender | C42: Count of Q18: Gender2 | D42: MANDAL | E42: Req% | F42: TBT | G42: Factor | Z42: =AA42&AB42 -> MALIKIPURAMKshatriya/Rajulu | AA42: MALIKIPURAM | AB42: Kshatriya/Rajulu | AC42: 2 | AD42: 1 | AE42: 3 | AF42: =VLOOKUP(AA42,$D$42:$E$46,2,0)*VLOOKUP(AB42,$A$1:$C$13,3,0)*1000 -> 6.2954795 | AG42: =AF42*0.5 -> 3.1477397 | AI42: MALIKIPURAM | AJ42: Madiga | AK42: =AI42&AJ42&$AK$4 -> MALIKIPURAMMadigaMale | AL42: =IFERROR(VLOOKUP(AI42&AJ42,$Z$5:$AG$71,8,0)/VLOOKUP(AI42&AJ42,$Z$5:$AG$71,4,0),0) -> 2.0730894
A43: MALIKIPURAM | B43: 161 | C43: 0.1965812 | D43: MALIKIPURAM | E43: 0.31016074 | F43: =E43*1000 -> 310.16074 | G43: =F43/B43 -> 1.9264642 | Z43: =AA43&AB43 -> MALIKIPURAMAdi Andhra | AA43: MALIKIPURAM | AB43: Adi Andhra | AD43: 1 | AE43: 1 | AF43: =VLOOKUP(AA43,$D$42:$E$46,2,0)*VLOOKUP(AB43,$A$1:$C$13,3,0)*1000 -> 4.0147316 | AG43: =AF43*0.5 -> 2.0073658 | AI43: MALIKIPURAM | AJ43: Padmasali/Devanga | AK43: =AI43&AJ43&$AK$4 -> MALIKIPURAMPadmasali/DevangaMale | AL43: =IFERROR(VLOOKUP(AI43&AJ43,$Z$5:$AG$71,8,0)/VLOOKUP(AI43&AJ43,$Z$5:$AG$71,4,0),0) -> 0.88111542
A44: MAMIDIKUDURU_PART | B44: 149 | C44: 0.18192918 | D44: MAMIDIKUDURU_PART | E44: 0.11239633 | F44: =E44*1000 -> 112.39633 | G44: =F44/B44 -> 0.7543378 | Z44: =AA44&AB44 -> MALIKIPURAMRajaka | AA44: MALIKIPURAM | AB44: Rajaka | AC44: 3 | AE44: 3 | AF44: =VLOOKUP(AA44,$D$42:$E$46,2,0)*VLOOKUP(AB44,$A$1:$C$13,3,0)*1000 -> 6.1752193 | AG44: =AF44*0.5 -> 3.0876097 | AI44: MALIKIPURAM | AJ44: Yadava | AK44: =AI44&AJ44&$AK$4 -> MALIKIPURAMYadavaMale | AL44: =IFERROR(VLOOKUP(AI44&AJ44,$Z$5:$AG$71,8,0)/VLOOKUP(AI44&AJ44,$Z$5:$AG$71,4,0),0) -> 3.3029592
A45: RAZOLE | B45: 258 | C45: 0.31501832 | D45: RAZOLE | E45: 0.28929878 | F45: =E45*1000 -> 289.29878 | G45: =F45/B45 -> 1.1213131 | AA45: Grand Total | AC45: 588 | AD45: 231 | AE45: 819 | AI45: MALIKIPURAM | AJ45: Kshatriya/Rajulu | AK45: =AI45&AJ45&$AK$4 -> MALIKIPURAMKshatriya/RajuluMale | AL45: =IFERROR(VLOOKUP(AI45&AJ45,$Z$5:$AG$71,8,0)/VLOOKUP(AI45&AJ45,$Z$5:$AG$71,4,0),0) -> 1.5738699
A46: SAKHINETIPALLE | B46: 251 | C46: 0.30647131 | D46: SAKHINETIPALLE | E46: 0.28814415 | F46: =E46*1000 -> 288.14415 | G46: =F46/B46 -> 1.1479847 | AI46: MALIKIPURAM | AJ46: Rajaka | AK46: =AI46&AJ46&$AK$4 -> MALIKIPURAMRajakaMale | AL46: =IFERROR(VLOOKUP(AI46&AJ46,$Z$5:$AG$71,8,0)/VLOOKUP(AI46&AJ46,$Z$5:$AG$71,4,0),0) -> 1.0292032
A47: Grand Total | B47: 819 | C47: 1 | AI47: MALIKIPURAM | AJ47: Adi Andhra | AK47: =AI47&AJ47&$AK$4 -> MALIKIPURAMAdi AndhraMale | AL47: =IFERROR(VLOOKUP(AI47&AJ47,$Z$5:$AG$71,8,0)/VLOOKUP(AI47&AJ47,$Z$5:$AG$71,4,0),0) -> 0
AI48: MALIKIPURAM | AJ48: Brahmin | AK48: =AI48&AJ48&$AK$4 -> MALIKIPURAMBrahminMale | AL48: =IFERROR(VLOOKUP(AI48&AJ48,$Z$5:$AG$71,8,0)/VLOOKUP(AI48&AJ48,$Z$5:$AG$71,4,0),0) -> 0
AI49: Mandal | AJ49: Caste | AK49: Female | AL49: Factor
AI50: MAMIDIKUDURU_PART | AJ50: Mala | AK50: =AI50&AJ50&$AK$49 -> MAMIDIKUDURU_PARTMalaFemale | AL50: =IFERROR(VLOOKUP(AI50&AJ50,$Z$5:$AG$71,8,0)/VLOOKUP(AI50&AJ50,$Z$5:$AG$71,5,0),0) -> 0.9559577
A51: Valid or Not | B51: Valid | AI51: MAMIDIKUDURU_PART | AJ51: Kapu | AK51: =AI51&AJ51&$AK$49 -> MAMIDIKUDURU_PARTKapuFemale | AL51: =IFERROR(VLOOKUP(AI51&AJ51,$Z$5:$AG$71,8,0)/VLOOKUP(AI51&AJ51,$Z$5:$AG$71,5,0),0) -> 5.3676861
AI52: MAMIDIKUDURU_PART | AJ52: Settibalija | AK52: =AI52&AJ52&$AK$49 -> MAMIDIKUDURU_PARTSettibalijaFemale | AL52: =IFERROR(VLOOKUP(AI52&AJ52,$Z$5:$AG$71,8,0)/VLOOKUP(AI52&AJ52,$Z$5:$AG$71,5,0),0) -> 1.1182715
A53: Q15: వయసు | B53: Count of Q18: Gender | C53: Count of Q18: Gender2 | AI53: MAMIDIKUDURU_PART | AJ53: Agnikulakshatriya | AK53: =AI53&AJ53&$AK$49 -> MAMIDIKUDURU_PARTAgnikulakshatriyaFemale | AL53: =IFERROR(VLOOKUP(AI53&AJ53,$Z$5:$AG$71,8,0)/VLOOKUP(AI53&AJ53,$Z$5:$AG$71,5,0),0) -> 5.1741099
A54: 18-25 | B54: 89 | C54: 0.10866911 | AI54: MAMIDIKUDURU_PART | AJ54: Madiga | AK54: =AI54&AJ54&$AK$49 -> MAMIDIKUDURU_PARTMadigaFemale | AL54: =IFERROR(VLOOKUP(AI54&AJ54,$Z$5:$AG$71,8,0)/VLOOKUP(AI54&AJ54,$Z$5:$AG$71,5,0),0) -> 0.37562401
A55: 26-40 | B55: 313 | C55: 0.38217338 | AI55: MAMIDIKUDURU_PART | AJ55: Padmasali/Devanga | AK55: =AI55&AJ55&$AK$49 -> MAMIDIKUDURU_PARTPadmasali/DevangaFemale | AL55: =IFERROR(VLOOKUP(AI55&AJ55,$Z$5:$AG$71,8,0)/VLOOKUP(AI55&AJ55,$Z$5:$AG$71,5,0),0) -> 0
A56: 41-59 | B56: 254 | C56: 0.31013431 | AI56: MAMIDIKUDURU_PART | AJ56: Yadava | AK56: =AI56&AJ56&$AK$49 -> MAMIDIKUDURU_PARTYadavaFemale | AL56: =IFERROR(VLOOKUP(AI56&AJ56,$Z$5:$AG$71,8,0)/VLOOKUP(AI56&AJ56,$Z$5:$AG$71,5,0),0) -> 0
A57: 60+ | B57: 163 | C57: 0.1990232 | AI57: MAMIDIKUDURU_PART | AJ57: Kshatriya/Rajulu | AK57: =AI57&AJ57&$AK$49 -> MAMIDIKUDURU_PARTKshatriya/RajuluFemale | AL57: =IFERROR(VLOOKUP(AI57&AJ57,$Z$5:$AG$71,8,0)/VLOOKUP(AI57&AJ57,$Z$5:$AG$71,5,0),0) -> 0
A58: Grand Total | B58: 819 | C58: 1 | AI58: MAMIDIKUDURU_PART | AJ58: Rajaka | AK58: =AI58&AJ58&$AK$49 -> MAMIDIKUDURU_PARTRajakaFemale | AL58: =IFERROR(VLOOKUP(AI58&AJ58,$Z$5:$AG$71,8,0)/VLOOKUP(AI58&AJ58,$Z$5:$AG$71,5,0),0) -> 0.5594454
AI59: MAMIDIKUDURU_PART | AJ59: Adi Andhra | AK59: =AI59&AJ59&$AK$49 -> MAMIDIKUDURU_PARTAdi AndhraFemale | AL59: =IFERROR(VLOOKUP(AI59&AJ59,$Z$5:$AG$71,8,0)/VLOOKUP(AI59&AJ59,$Z$5:$AG$71,5,0),0) -> 0.36371552
AI60: MAMIDIKUDURU_PART | AJ60: Brahmin | AK60: =AI60&AJ60&$AK$49 -> MAMIDIKUDURU_PARTBrahminFemale | AL60: =IFERROR(VLOOKUP(AI60&AJ60,$Z$5:$AG$71,8,0)/VLOOKUP(AI60&AJ60,$Z$5:$AG$71,5,0),0) -> 0
AI61: RAZOLE | AJ61: Mala | AK61: =AI61&AJ61&$AK$49 -> RAZOLEMalaFemale | AL61: =IFERROR(VLOOKUP(AI61&AJ61,$Z$5:$AG$71,8,0)/VLOOKUP(AI61&AJ61,$Z$5:$AG$71,5,0),0) -> 1.2302777
AI62: RAZOLE | AJ62: Kapu | AK62: =AI62&AJ62&$AK$49 -> RAZOLEKapuFemale | AL62: =IFERROR(VLOOKUP(AI62&AJ62,$Z$5:$AG$71,8,0)/VLOOKUP(AI62&AJ62,$Z$5:$AG$71,5,0),0) -> 1.8020838
AI63: RAZOLE | AJ63: Settibalija | AK63: =AI63&AJ63&$AK$49 -> RAZOLESettibalijaFemale | AL63: =IFERROR(VLOOKUP(AI63&AJ63,$Z$5:$AG$71,8,0)/VLOOKUP(AI63&AJ63,$Z$5:$AG$71,5,0),0) -> 0.95944581
AI64: RAZOLE | AJ64: Agnikulakshatriya | AK64: =AI64&AJ64&$AK$49 -> RAZOLEAgnikulakshatriyaFemale | AL64: =IFERROR(VLOOKUP(AI64&AJ64,$Z$5:$AG$71,8,0)/VLOOKUP(AI64&AJ64,$Z$5:$AG$71,5,0),0) -> 1.6647159
AI65: RAZOLE | AJ65: Madiga | AK65: =AI65&AJ65&$AK$49 -> RAZOLEMadigaFemale | AL65: =IFERROR(VLOOKUP(AI65&AJ65,$Z$5:$AG$71,8,0)/VLOOKUP(AI65&AJ65,$Z$5:$AG$71,5,0),0) -> 1.1601898
AI66: RAZOLE | AJ66: Padmasali/Devanga | AK66: =AI66&AJ66&$AK$49 -> RAZOLEPadmasali/DevangaFemale | AL66: =IFERROR(VLOOKUP(AI66&AJ66,$Z$5:$AG$71,8,0)/VLOOKUP(AI66&AJ66,$Z$5:$AG$71,5,0),0) -> 1.0273126
AI67: RAZOLE | AJ67: Yadava | AK67: =AI67&AJ67&$AK$49 -> RAZOLEYadavaFemale | AL67: =IFERROR(VLOOKUP(AI67&AJ67,$Z$5:$AG$71,8,0)/VLOOKUP(AI67&AJ67,$Z$5:$AG$71,5,0),0) -> 1.5403982
AI68: RAZOLE | AJ68: Kshatriya/Rajulu | AK68: =AI68&AJ68&$AK$49 -> RAZOLEKshatriya/RajuluFemale | AL68: =IFERROR(VLOOKUP(AI68&AJ68,$Z$5:$AG$71,8,0)/VLOOKUP(AI68&AJ68,$Z$5:$AG$71,5,0),0) -> 1.4680086
AI69: RAZOLE | AJ69: Rajaka | AK69: =AI69&AJ69&$AK$49 -> RAZOLERajakaFemale | AL69: =IFERROR(VLOOKUP(AI69&AJ69,$Z$5:$AG$71,8,0)/VLOOKUP(AI69&AJ69,$Z$5:$AG$71,5,0),0) -> 1.4399658
AI70: RAZOLE | AJ70: Adi Andhra | AK70: =AI70&AJ70&$AK$49 -> RAZOLEAdi AndhraFemale | AL70: =IFERROR(VLOOKUP(AI70&AJ70,$Z$5:$AG$71,8,0)/VLOOKUP(AI70&AJ70,$Z$5:$AG$71,5,0),0) -> 0.62411561
... AI93: MALIKIPURAM | AJ93: Brahmin | AK93: =AI93&AJ93&$AK$49 -> MALIKIPURAMBrahminFemale | AL93: =IFERROR(VLOOKUP(AI93&AJ93,$Z$5:$AG$71,8,0)/VLOOKUP(AI93&AJ93,$Z$5:$AG$71,5,0),0) -> 0

Sheet Pivot
E1: Valid or Not | F1: Valid
A2: Valid or Not | B2: Valid | E2: Q10: మీరు 2024 అసెంబ్లీ ఎన్నికలో ఏ పార్టీ కి వోట్ వేశారు? | F2: YSRCP (వైఎస్‌ఆర్‌సీపీ)
A4: 2029 Party Pref | B4: Count of Q18: Gender | C4: Count of Q18: Gender2 | E4: Q11: YSRCP నియోజకవర్గ ఇంచార్జి(Gollalapalli Surya Rao) అందుబాటులో ఉంటున్నారా? | F4: Count of Q18: Gender | G4: Count of Q18: Gender2
A5: TDP/JSP/BJP (కూటమి | B5: 0.63369963 | C5: 519 | E5: ఉన్నారు, వారినే కొనసాగించాలి | F5: 0.62436548 | G5: 123
A6: YSRCP (వైఎస్‌ఆర్‌సీపీ) | B6: 0.25763126 | C6: 211 | E6: లేరు, వారిని మార్చాలి | F6: 0.19796954 | G6: 39
A7: Others (ఇతరులు) | B7: 0.10866911 | C7: 89 | E7: నాకు తెలీదు/ ఏమి చెప్పలేను | F7: 0.17766497 | G7: 35
A8: Grand Total | B8: 1 | C8: 819 | E8: Grand Total | F8: 1 | G8: 197
E11: Valid or Not | F11: Valid
A12: RAZOLE(SC) | E12: Q10: మీరు 2024 అసెంబ్లీ ఎన్నికలో ఏ పార్టీ కి వోట్ వేశారు? | F12: YSRCP (వైఎస్‌ఆర్‌సీపీ)
A14: Valid or Not | B14: Sample Count | E14: Q12: ఒకవేళ YSRCP నియోజకవర్గ ఇంచార్జి ని మార్చాల్సి వస్తే ఎవరైతే బాగుంటుంది అని మీరు భావిస్తున్నారు? (ఈ ప్రశ్న 2024 అసెంబ్లీ ఎన్నికలో YSRCPకి ఓటు వేసినవారికి మాత్రమే చూపించబడుతుంది) | F14: Count of Q18: Gender | G14: Count of Q18: Gender2
A15: Not Valid | B15: 91 | E15: Gollapalli Surya Rao | F15: 0.65482234 | G15: 129
A16: Valid | B16: 819 | E16: Pamula Rajeswari Devi | F16: 0.14720812 | G16: 29
A17: Grand Total | B17: 910 | E17: Gollapalli Sridhar | F17: 0.10152284 | G17: 20
E18: Matta Sailaja Ravi Kumar | F18: 0.050761421 | G18: 10
E19: Balla Prasanna Kumari | F19: 0.045685279 | G19: 9
E20: Grand Total | F20: 1 | G20: 197

Sheet Data
A1: Sample ID | B1: Date | C1: Timestamp | D1: Location | E1: Address | F1: Surveyor | G1: Company | H1: Audio URL | I1: Caste | J1: Taluka | K1: Locality | L1: Q13: వృత్తి | M1: Q14: మతం | N1: Q15: వయసు | O1: Q16: మీ పేరు | P1: Q17: మీ ఫోన్ నంబర్ | Q1: Q18: Gender | R1: Q1: స్థానికంగా మీకున్న ప్రధానమైన సమస్యలు ఏమిటి? | S1: Q2: మీ ఎమ్మెల్యే గారి పనితీరు ఎలాగా ఉంది? | T1: Q3: చంద్రబాబు నాయుడు గారి ప్రభుత్వ పనితీరు పై మీ అభిప్రాయం? | U1: Q4: సూపర్ 6/7 పధకాలు ఎన్నికల ముందు చెప్పినట్లు గా అమలుఅవుతున్నాయా? | V1: Q5: సంక్షేమ పధకాలు ఎవరి హయాంలో బాగా అమలు అయ్యాయి అని మీరు అనుకుంటున్నారు? | W1: Q6: మీ ద్రుష్టి లో అభివృద్ధి అంటే ముఖ్యంగా ఏమిటి (మీకు మ్రుఖ్యమైన 3 చెప్పండి)? | X1: Q7: అభివృద్ధి కార్యక్రమాలు ఎవరి హయాంలో బాగా జరిగాయి అని మీరు భావిస్తున్నారు? | Y1: Q8: గత ఎన్నికలలో వేసిన ఓటు పై మీ అభిప్రాయం ఏమిటి? | Z1: Q9: 2029 లో/ ఇప్పటికి ఇప్పుడు ఎన్నికలు జరిగితే మీరు ఏ పార్టీకి ఓటు వేస్తారు ? | AA1: Q10: మీరు 2024 అసెంబ్లీ ఎన్నికలో ఏ పార్టీ కి వోట్ వేశారు? | AB1: Q11: YSRCP నియోజకవర్గ ఇంచార్జి(Gollalapalli Surya Rao) అందుబాటులో ఉంటున్నారా? | AC1: Q12: ఒకవేళ YSRCP నియోజకవర్గ ఇంచార్జి ని మార్చాల్సి వస్తే ఎవరైతే బాగుంటుంది అని మీరు భావిస్తున్నారు? (ఈ ప్రశ్న 2024 అసెంబ్లీ ఎన్నికలో YSRCPకి ఓటు వేసినవారికి మాత్రమే చూపించబడుతుంది) | AD1: QC Username | AE1: QC Comment | AF1: QC Remark | AG1: Valid or Not | AH1: Caste Factor | AI1: 2024 Factor | AJ1: Multi Factor | AK1: Gender factor | AL1: Mandal Factor | AM1: Factor_1 | AN1: Factor_2 | AO1: Satis | AP1: Sch Sat | AQ1: Wel | AR1: Dev | AS1: 24 | AT1: 29 | AU1: Core Cal | AV1: Hard Core Score | AW1: Sympethiser1 Score | AX1: Sympethiser 2 Score | AY1: Neutral Score | AZ1: Category
A2: bcd15c14-125b-48b2-a857-8992a52f6a22 | B2: 46041 | C2: 1/19/2026, 10:53:11 AM | D2: 16.535880, 81.944867 | E2: GWPV+MV3, Botlakurru Doddavaram, Andhra Pradesh, India | F2: Kumpatla venkata satya suryamohan rao | G2: Naeem | H2: http://164.52.221.216/localmedia/media/surveys/samples/recording_2026-01-19_10-47-30_samples_WIgA6Z2O6U.mp4 | I2: Mala | J2: MALIKIPURAM | K2: LAKKAVARAM | L2: కార్మిక/రోజువారీ కూలీ | M2: హిందూ | N2: 41-59 | O2: Sivaramakrishnan.thadi | P2: 9550492165 | Q2: Male | R2: సాగునీరు | S2: ఏమి చెప్పలేను | T2: బాగాలేదు | U2: అమలవడం లేదు | V2: జగన్ మోహన్ రెడ్డి గారు | W2: విద్య రంగం అభివృద్ధి చేయటం,ఆరోగ్య రంగం అభివృద్ధి చేయటం,సంక్షేమ పథకాలు (నగదు) | X2: జగన్ మోహన్ రెడ్డి గారు | Y2: సరైన పార్టీకి వేసాను | Z2: YSRCP (వైఎస్‌ఆర్‌సీపీ) | AA2: YSRCP (వైఎస్‌ఆర్‌సీపీ) | AB2: ఉన్నారు, వారినే కొనసాగించాలి | AC2: Gollapalli Surya Rao | AD2: Bhagya | AE2: Correctly Done | AF2: Incharge -Rambabu?? | AG2: Valid | AH2: =VLOOKUP(Table1[[#This Row],[Caste]],Factor!$H$1:$K$13,4,0) -> 1.3836275 | AI2: =IFERROR(VLOOKUP(Table1[[#This Row],[Q10: మీరు 2024 అసెంబ్లీ ఎన్నికలో ఏ పార్టీ కి వోట్ వేశారు?]],Factor!$D$22:$H$23,5,0),Factor!$H$24) -> 1.8055838 | AJ2: =Table1[[#This Row],[Factor_1]]*Table1[[#This Row],[2024 Factor]] -> 1.9482662 | AK2: =VLOOKUP(Table1[[#This Row],[Q18: Gender]],Factor!$A$33:$E$35,5,0) -> 0.85034014 | AL2: =VLOOKUP(Table1[[#This Row],[Taluka]],Factor!$A$42:$G$46,7,0) -> 1.9264642 | AM2: =VLOOKUP(Table1[[#This Row],[Caste]]&Table1[[#This Row],[Q18: Gender]],Factor!$W$1:$X$23,2,0) -> 1.0790229 | AN2: =VLOOKUP(Table1[[#This Row],[Taluka]]&Table1[[#This Row],[Caste]]&Table1[[#This Row],[Q18: Gender]],Factor!$AK$4:$AL$93,2,0) -> 2.1355168 | AO2: =IF(T2="బాగుంది",-1,1) -> 1 | AP2: =IF(U2="అమలవడం లేదు",1,-1) -> 1 | AQ2: =IF(V2="జగన్ మోహన్ రెడ్డి గారు",1,-1) -> 1 | AR2: =IF(X2="జగన్ మోహన్ రెడ్డి గారు",1,-1) -> 1 | AS2: =IF(AA2="YSRCP (వైఎస్‌ఆర్‌సీపీ)",1,-1) -> 1 | AT2: =IF(Z2="YSRCP (వైఎస్‌ఆర్‌సీపీ)",1,-1) -> 1 | AU2: =AO2+AP2+AQ2+AR2+(0.5*AS2)+AT2 -> 5.5 | AV2: =SUM(Table1[[#This Row],[Satis]:[29]]) -> 6 | AW2: =AO2+AQ2+AR2+AS2+AT2 -> 5 | AX2: =AQ2+AR2+AS2+AT2 -> 4 | AY2: =IF(AND(AO2=1,AS2=1,AT2=1),3,IF(AND(AO2=-1,AS2=-1,AT2=-1),-3,IF(AND(AO2=1,AS2=-1,AT2=1),2,IF(AND(AO2=-1,AS2=1,AT2=-1),-2,IF(AND(AS2=1,AT2=1),2,IF(AND(AS2=-1,AT2=-1),-2,"ND")))))) -> 3 | AZ2: =IFERROR(IF(AV2=6,"YSRCP HardCore",IF(AV2=-6,"TDP HardCore",IF(AW2>=4,"YSRCP Sympathiser",IF(AW2<=-4,"TDP Sympathiser",IF(AX2>=3,"YSRCP Sympathiser",IF(AX2<=-3,"TDP Sympathiser",IF(AY2="ND","ND",IF(AY2>=2,"Neutral YSRCP",IF(AY2<=-2,"Neutral TDP",0))))))))),"ND") -> YSRCP HardCore
A3: 45c3ab84-6136-4d54-9601-544bdb5d7c6d | B3: 46041 | C3: 1/19/2026, 11:06:27 AM | D3: 16.537167, 81.944575 | E3: GWPV+MV3, Botlakurru Doddavaram, Andhra Pradesh, India | F3: Kumpatla venkata satya suryamohan rao | G3: Naeem | H3: http://164.52.221.216/localmedia/media/surveys/samples/recording_2026-01-19_11-01-53_samples_ly90HBESLu.mp4 | I3: Settibalija | J3: MALIKIPURAM | K3: LAKKAVARAM | L3: వ్యాపారం | M3: హిందూ | N3: 41-59 | O3: kudupudi.kkrihna | P3: 8790918772 | Q3: Male | R3: సాగునీరు | S3: బాగుంది | T3: బాగుంది | U3: అమలుఅవుతున్నాయి | V3: చంద్రబాబు నాయుడు గారు | W3: ఉద్యొగ్య అవకాశాలు కల్పించటం,శాంతి భద్రతలను కాపాడటం,ఆరోగ్య రంగం అభివృద్ధి చేయటం | X3: చంద్రబాబు నాయుడు గారు | Y3: సరైన పార్టీకి వేసాను | Z3: TDP/JSP/BJP (కూటమి | AA3: TDP/JSP/BJP (కూటమి) | AB3: No response | AC3: No response | AD3: Bhagya | AE3: Correctly Done | AF3: Not asking the question as it is in the questionnaire | AG3: Valid | AH3: =VLOOKUP(Table1[[#This Row],[Caste]],Factor!$H$1:$K$13,4,0) -> 1.1705128 | AI3: =IFERROR(VLOOKUP(Table1[[#This Row],[Q10: మీరు 2024 అసెంబ్లీ ఎన్నికలో ఏ పార్టీ కి వోట్ వేశారు?]],Factor!$D$22:$H$23,5,0),Factor!$H$24) -> 1.0795332 | AJ3: =Table1[[#This Row],[Factor_1]]*Table1[[#This Row],[2024 Factor]] -> 0.86308903 | AK3: =VLOOKUP(Table1[[#This Row],[Q18: Gender]],Factor!$A$33:$E$35,5,0) -> 0.85034014 | AL3: =VLOOKUP(Table1[[#This Row],[Taluka]],Factor!$A$42:$G$46,7,0) -> 1.9264642 | AM3: =VLOOKUP(Table1[[#This Row],[Caste]]&Table1[[#This Row],[Q18: Gender]],Factor!$W$1:$X$23,2,0) -> 0.79950206 | AN3: =VLOOKUP(Table1[[#This Row],[Taluka]]&Table1[[#This Row],[Caste]]&Table1[[#This Row],[Q18: Gender]],Factor!$AK$4:$AL$93,2,0) -> 1.1572127 | AO3: =IF(T3="బాగుంది",-1,1) -> -1 | AP3: =IF(U3="అమలవడం లేదు",1,-1) -> -1 | AQ3: =IF(V3="జగన్ మోహన్ రెడ్డి గారు",1,-1) -> -1 | AR3: =IF(X3="జగన్ మోహన్ రెడ్డి గారు",1,-1) -> -1 | AS3: =IF(AA3="YSRCP (వైఎస్‌ఆర్‌సీపీ)",1,-1) -> -1 | AT3: =IF(Z3="YSRCP (వైఎస్‌ఆర్‌సీపీ)",1,-1) -> -1 | AU3: =AO3+AP3+AQ3+AR3+(0.5*AS3)+AT3 -> -5.5 | AV3: =SUM(Table1[[#This Row],[Satis]:[29]]) -> -6 | AW3: =AO3+AQ3+AR3+AS3+AT3 -> -5 | AX3: =AQ3+AR3+AS3+AT3 -> -4 | AY3: =IF(AND(AO3=1,AS3=1,AT3=1),3,IF(AND(AO3=-1,AS3=-1,AT3=-1),-3,IF(AND(AO3=1,AS3=-1,AT3=1),2,IF(AND(AO3=-1,AS3=1,AT3=-1),-2,IF(AND(AS3=1,AT3=1),2,IF(AND(AS3=-1,AT3=-1),-2,"ND")))))) -> -3 | AZ3: =IFERROR(IF(AV3=6,"YSRCP HardCore",IF(AV3=-6,"TDP HardCore",IF(AW3>=4,"YSRCP Sympathiser",IF(AW3<=-4,"TDP Sympathiser",IF(AX3>=3,"YSRCP Sympathiser",IF(AX3<=-3,"TDP Sympathiser",IF(AY3="ND","ND",IF(AY3>=2,"Neutral YSRCP",IF(AY3<=-2,"Neutral TDP",0))))))))),"ND") -> TDP HardCore
A4: 5b87a98e-34d1-4f46-bded-b50856d41691 | B4: 46041 | C4: 1/19/2026, 9:13:52 AM | D4: 16.628410, 80.582359 | E4: JHHM+94J Mulla Manzil, Kavuluru, Andhra Pradesh, India | F4: krishna | G4: Naeem | H4: http://164.52.221.216/localmedia/media/surveys/samples/recording_2026-01-19_09-06-08_samples_05T440VZk7.mp4 | I4: Mala | J4: RAZOLE | K4: RAZOLE | L4: ప్రైవేట్ ఉద్యోగం | M4: హిందూ | N4: 41-59 | O4: krishna | P4: 0 | Q4: Male | R4: కరెంట్ | S4: బాగుంది | T4: బాగుంది | U4: అమలుఅవుతున్నాయి | V4: చంద్రబాబు నాయుడు గారు | W4: రోడ్లు వేయటం | X4: చంద్రబాబు నాయుడు గారు | Y4: సరైన పార్టీకి వేసాను | Z4: TDP/JSP/BJP (కూటమి | AA4: TDP/JSP/BJP (కూటమి) | AB4: No response | AC4: No response | AD4: Bhagya | AE4: Correctly Done | AF4: 0 | AG4: Valid | AH4: =VLOOKUP(Table1[[#This Row],[Caste]],Factor!$H$1:$K$13,4,0) -> 1.3836275 | AI4: =IFERROR(VLOOKUP(Table1[[#This Row],[Q10: మీరు 2024 అసెంబ్లీ ఎన్నికలో ఏ పార్టీ కి వోట్ వేశారు?]],Factor!$D$22:$H$23,5,0),Factor!$H$24) -> 1.0795332 | AJ4: =Table1[[#This Row],[Factor_1]]*Table1[[#This Row],[2024 Factor]] -> 1.1648411 | AK4: =VLOOKUP(Table1[[#This Row],[Q18: Gender]],Factor!$A$33:$E$35,5,0) -> 0.85034014 | AL4: =VLOOKUP(Table1[[#This Row],[Taluka]],Factor!$A$42:$G$46,7,0) -> 1.1213131 | AM4: =VLOOKUP(Table1[[#This Row],[Caste]]&Table1[[#This Row],[Q18: Gender]],Factor!$W$1:$X$23,2,0) -> 1.0790229 | AN4: =VLOOKUP(Table1[[#This Row],[Taluka]]&Table1[[#This Row],[Caste]]&Table1[[#This Row],[Q18: Gender]],Factor!$AK$4:$AL$93,2,0) -> 0.90933568 | AO4: =IF(T4="బాగుంది",-1,1) -> -1 | AP4: =IF(U4="అమలవడం లేదు",1,-1) -> -1 | AQ4: =IF(V4="జగన్ మోహన్ రెడ్డి గారు",1,-1) -> -1 | AR4: =IF(X4="జగన్ మోహన్ రెడ్డి గారు",1,-1) -> -1 | AS4: =IF(AA4="YSRCP (వైఎస్‌ఆర్‌సీపీ)",1,-1) -> -1 | AT4: =IF(Z4="YSRCP (వైఎస్‌ఆర్‌సీపీ)",1,-1) -> -1 | AU4: =AO4+AP4+AQ4+AR4+(0.5*AS4)+AT4 -> -5.5 | AV4: =SUM(Table1[[#This Row],[Satis]:[29]]) -> -6 | AW4: =AO4+AQ4+AR4+AS4+AT4 -> -5 | AX4: =AQ4+AR4+AS4+AT4 -> -4 | AY4: =IF(AND(AO4=1,AS4=1,AT4=1),3,IF(AND(AO4=-1,AS4=-1,AT4=-1),-3,IF(AND(AO4=1,AS4=-1,AT4=1),2,IF(AND(AO4=-1,AS4=1,AT4=-1),-2,IF(AND(AS4=1,AT4=1),2,IF(AND(AS4=-1,AT4=-1),-2,"ND")))))) -> -3 | AZ4: =IFERROR(IF(AV4=6,"YSRCP HardCore",IF(AV4=-6,"TDP HardCore",IF(AW4>=4,"YSRCP Sympathiser",IF(AW4<=-4,"TDP Sympathiser",IF(AX4>=3,"YSRCP Sympathiser",IF(AX4<=-3,"TDP Sympathiser",IF(AY4="ND","ND",IF(AY4>=2,"Neutral YSRCP",IF(AY4<=-2,"Neutral TDP",0))))))))),"ND") -> TDP HardCore
A5: fc0457dc-d165-4b76-99de-99c0cb3953a6 | B5: 46041 | C5: 1/19/2026, 9:45:45 AM | D5: 16.574904, 81.921684 | E5: HWFC+WP9, Munjavarapukottu, Andhra Pradesh, India | F5: Kumpatla venkata satya suryamohan rao | G5: Naeem | H5: http://164.52.221.216/localmedia/media/surveys/samples/recording_2026-01-19_09-42-18_samples_XmxhOLnKVA.mp4 | I5: Kapu | J5: MAMIDIKUDURU_PART | K5: PEDAPATNAM | L5: వ్యవసాయం | M5: హిందూ | N5: 41-59 | O5: mohan | P5: 9912576664 | Q5: Male | R5: డ్రైనేజి | S5: బాగుంది | T5: బాగుంది | U5: అమలుఅవుతున్నాయి | V5: చంద్రబాబు నాయుడు గారు | W5: రోడ్లు వేయటం,ఉద్యొగ్య అవకాశాలు కల్పించటం,శాంతి భద్రతలను కాపాడటం | X5: చంద్రబాబు నాయుడు గారు | Y5: సరైన పార్టీకి వేసాను | Z5: TDP/JSP/BJP (కూటమి | AA5: TDP/JSP/BJP (కూటమి) | AB5: No response | AC5: No response | AD5: Bhagya | AE5: Correctly Done | AF5: 0 | AG5: Valid | AH5: =VLOOKUP(Table1[[#This Row],[Caste]],Factor!$H$1:$K$13,4,0) -> 1.1461626 | AI5: =IFERROR(VLOOKUP(Table1[[#This Row],[Q10: మీరు 2024 అసెంబ్లీ ఎన్నికలో ఏ పార్టీ కి వోట్ వేశారు?]],Factor!$D$22:$H$23,5,0),Factor!$H$24) -> 1.0795332 | AJ5: =Table1[[#This Row],[Factor_1]]*Table1[[#This Row],[2024 Factor]] -> 0.7772114 | AK5: =VLOOKUP(Table1[[#This Row],[Q18: Gender]],Factor!$A$33:$E$35,5,0) -> 0.85034014 | AL5: =VLOOKUP(Table1[[#This Row],[Taluka]],Factor!$A$42:$G$46,7,0) -> 0.7543378 | AM5: =VLOOKUP(Table1[[#This Row],[Caste]]&Table1[[#This Row],[Q18: Gender]],Factor!$W$1:$X$23,2,0) -> 0.71995135 | AN5: =VLOOKUP(Table1[[#This Row],[Taluka]]&Table1[[#This Row],[Caste]]&Table1[[#This Row],[Q18: Gender]],Factor!$AK$4:$AL$93,2,0) -> 0.55527787 | AO5: =IF(T5="బాగుంది",-1,1) -> -1 | AP5: =IF(U5="అమలవడం లేదు",1,-1) -> -1 | AQ5: =IF(V5="జగన్ మోహన్ రెడ్డి గారు",1,-1) -> -1 | AR5: =IF(X5="జగన్ మోహన్ రెడ్డి గారు",1,-1) -> -1 | AS5: =IF(AA5="YSRCP (వైఎస్‌ఆర్‌సీపీ)",1,-1) -> -1 | AT5: =IF(Z5="YSRCP (వైఎస్‌ఆర్‌సీపీ)",1,-1) -> -1 | AU5: =AO5+AP5+AQ5+AR5+(0.5*AS5)+AT5 -> -5.5 | AV5: =SUM(Table1[[#This Row],[Satis]:[29]]) -> -6 | AW5: =AO5+AQ5+AR5+AS5+AT5 -> -5 | AX5: =AQ5+AR5+AS5+AT5 -> -4 | AY5: =IF(AND(AO5=1,AS5=1,AT5=1),3,IF(AND(AO5=-1,AS5=-1,AT5=-1),-3,IF(AND(AO5=1,AS5=-1,AT5=1),2,IF(AND(AO5=-1,AS5=1,AT5=-1),-2,IF(AND(AS5=1,AT5=1),2,IF(AND(AS5=-1,AT5=-1),-2,"ND")))))) -> -3 | AZ5: =IFERROR(IF(AV5=6,"YSRCP HardCore",IF(AV5=-6,"TDP HardCore",IF(AW5>=4,"YSRCP Sympathiser",IF(AW5<=-4,"TDP Sympathiser",IF(AX5>=3,"YSRCP Sympathiser",IF(AX5<=-3,"TDP Sympathiser",IF(AY5="ND","ND",IF(AY5>=2,"Neutral YSRCP",IF(AY5<=-2,"Neutral TDP",0))))))))),"ND") -> TDP HardCore
A6: f8124df2-5ce1-40dd-938a-7b7e6403fea9 | B6: 46041 | C6: 1/19/2026, 11:16:27 AM | D6: 16.533828, 81.946129 | E6: GWMW+G94, Botlakurru Doddavaram, Andhra Pradesh, India | F6: Kumpatla venkata satya suryamohan rao | G6: Naeem | H6: http://164.52.221.216/localmedia/media/surveys/samples/recording_2026-01-19_11-11-50_samples_zXAWLUUd8q.mp4 | I6: Kapu | J6: MALIKIPURAM | K6: LAKKAVARAM | L6: కార్మిక/రోజువారీ కూలీ | M6: హిందూ | N6: 26-40 | O6: Rajesh.javadhi | P6: 7569733861 | Q6: Male | R6: డ్రైనేజి | S6: బాగుంది | T6: బాగుంది | U6: అమలుఅవుతున్నాయి | V6: చంద్రబాబు నాయుడు గారు | W6: ఉద్యొగ్య అవకాశాలు కల్పించటం,ఆరోగ్య రంగం అభివృద్ధి చేయటం,సంక్షేమ పథకాలు (నగదు) | X6: చంద్రబాబు నాయుడు గారు | Y6: సరైన పార్టీకి వేసాను | Z6: TDP/JSP/BJP (కూటమి | AA6: TDP/JSP/BJP (కూటమి) | AB6: No response | AC6: No response | AD6: Bhagya | AE6: Correctly Done | AF6: Not asking the question as it is in the questionnaire | AG6: Valid | AH6: =VLOOKUP(Table1[[#This Row],[Caste]],Factor!$H$1:$K$13,4,0) -> 1.1461626 | AI6: =IFERROR(VLOOKUP(Table1[[#This Row],[Q10: మీరు 2024 అసెంబ్లీ ఎన్నికలో ఏ పార్టీ కి వోట్ వేశారు?]],Factor!$D$22:$H$23,5,0),Factor!$H$24) -> 1.0795332 | AJ6: =Table1[[#This Row],[Factor_1]]*Table1[[#This Row],[2024 Factor]] -> 0.7772114 | AK6: =VLOOKUP(Table1[[#This Row],[Q18: Gender]],Factor!$A$33:$E$35,5,0) -> 0.85034014 | AL6: =VLOOKUP(Table1[[#This Row],[Taluka]],Factor!$A$42:$G$46,7,0) -> 1.9264642 | AM6: =VLOOKUP(Table1[[#This Row],[Caste]]&Table1[[#This Row],[Q18: Gender]],Factor!$W$1:$X$23,2,0) -> 0.71995135 | AN6: =VLOOKUP(Table1[[#This Row],[Taluka]]&Table1[[#This Row],[Caste]]&Table1[[#This Row],[Q18: Gender]],Factor!$AK$4:$AL$93,2,0) -> 0.70534647 | AO6: =IF(T6="బాగుంది",-1,1) -> -1 | AP6: =IF(U6="అమలవడం లేదు",1,-1) -> -1 | AQ6: =IF(V6="జగన్ మోహన్ రెడ్డి గారు",1,-1) -> -1 | AR6: =IF(X6="జగన్ మోహన్ రెడ్డి గారు",1,-1) -> -1 | AS6: =IF(AA6="YSRCP (వైఎస్‌ఆర్‌సీపీ)",1,-1) -> -1 | AT6: =IF(Z6="YSRCP (వైఎస్‌ఆర్‌సీపీ)",1,-1) -> -1 | AU6: =AO6+AP6+AQ6+AR6+(0.5*AS6)+AT6 -> -5.5 | AV6: =SUM(Table1[[#This Row],[Satis]:[29]]) -> -6 | AW6: =AO6+AQ6+AR6+AS6+AT6 -> -5 | AX6: =AQ6+AR6+AS6+AT6 -> -4 | AY6: =IF(AND(AO6=1,AS6=1,AT6=1),3,IF(AND(AO6=-1,AS6=-1,AT6=-1),-3,IF(AND(AO6=1,AS6=-1,AT6=1),2,IF(AND(AO6=-1,AS6=1,AT6=-1),-2,IF(AND(AS6=1,AT6=1),2,IF(AND(AS6=-1,AT6=-1),-2,"ND")))))) -> -3 | AZ6: =IFERROR(IF(AV6=6,"YSRCP HardCore",IF(AV6=-6,"TDP HardCore",IF(AW6>=4,"YSRCP Sympathiser",IF(AW6<=-4,"TDP Sympathiser",IF(AX6>=3,"YSRCP Sympathiser",IF(AX6<=-3,"TDP Sympathiser",IF(AY6="ND","ND",IF(AY6>=2,"Neutral YSRCP",IF(AY6<=-2,"Neutral TDP",0))))))))),"ND") -> TDP HardCore
A7: d273db79-6799-4a4d-9dbd-98c3a2d7cf60 | B7: 46041 | C7: 1/19/2026, 11:30:08 AM | D7: 16.533690, 81.944754 | E7: GWMV+HH5, Botlakurru Doddavaram, Andhra Pradesh, India | F7: Kumpatla venkata satya suryamohan rao | G7: Naeem | H7: http://164.52.221.216/localmedia/media/surveys/samples/recording_2026-01-19_11-25-29_samples_qHtqmrQPeR.mp4 | I7: Kapu | J7: MAMIDIKUDURU_PART | K7: B.DODDAVARAM | L7: కార్మిక/రోజువారీ కూలీ | M7: హిందూ | N7: 41-59 | O7: chithapali.timutuulu | P7: 6305386622 | Q7: Male | R7: సాగునీరు | S7: బాగుంది | T7: బాగుంది | U7: అమలుఅవుతున్నాయి | V7: చంద్రబాబు నాయుడు గారు | W7: ఉద్యొగ్య అవకాశాలు కల్పించటం,శాంతి భద్రతలను కాపాడటం,సంక్షేమ పథకాలు (నగదు) | X7: చంద్రబాబు నాయుడు గారు | Y7: సరైన పార్టీకి వేసాను | Z7: TDP/JSP/BJP (కూటమి | AA7: TDP/JSP/BJP (కూటమి) | AB7: No response | AC7: No response | AD7: Bhagya | AE7: Not Doing It Properly | AF7: Mentioning that audio is being recorded | AG7: Valid | AH7: =VLOOKUP(Table1[[#This Row],[Caste]],Factor!$H$1:$K$13,4,0) -> 1.1461626 | AI7: =IFERROR(VLOOKUP(Table1[[#This Row],[Q10: మీరు 2024 అసెంబ్లీ ఎన్నికలో ఏ పార్టీ కి వోట్ వేశారు?]],Factor!$D$22:$H$23,5,0),Factor!$H$24) -> 1.0795332 | AJ7: =Table1[[#This Row],[Factor_1]]*Table1[[#This Row],[2024 Factor]] -> 0.7772114 | AK7: =VLOOKUP(Table1[[#This Row],[Q18: Gender]],Factor!$A$33:$E$35,5,0) -> 0.85034014 | AL7: =VLOOKUP(Table1[[#This Row],[Taluka]],Factor!$A$42:$G$46,7,0) -> 0.7543378 | AM7: =VLOOKUP(Table1[[#This Row],[Caste]]&Table1[[#This Row],[Q18: Gender]],Factor!$W$1:$X$23,2,0) -> 0.71995135 | AN7: =VLOOKUP(Table1[[#This Row],[Taluka]]&Table1[[#This Row],[Caste]]&Table1[[#This Row],[Q18: Gender]],Factor!$AK$4:$AL$93,2,0) -> 0.55527787 | AO7: =IF(T7="బాగుంది",-1,1) -> -1 | AP7: =IF(U7="అమలవడం లేదు",1,-1) -> -1 | AQ7: =IF(V7="జగన్ మోహన్ రెడ్డి గారు",1,-1) -> -1 | AR7: =IF(X7="జగన్ మోహన్ రెడ్డి గారు",1,-1) -> -1 | AS7: =IF(AA7="YSRCP (వైఎస్‌ఆర్‌సీపీ)",1,-1) -> -1 | AT7: =IF(Z7="YSRCP (వైఎస్‌ఆర్‌సీపీ)",1,-1) -> -1 | AU7: =AO7+AP7+AQ7+AR7+(0.5*AS7)+AT7 -> -5.5 | AV7: =SUM(Table1[[#This Row],[Satis]:[29]]) -> -6 | AW7: =AO7+AQ7+AR7+AS7+AT7 -> -5 | AX7: =AQ7+AR7+AS7+AT7 -> -4 | AY7: =IF(AND(AO7=1,AS7=1,AT7=1),3,IF(AND(AO7=-1,AS7=-1,AT7=-1),-3,IF(AND(AO7=1,AS7=-1,AT7=1),2,IF(AND(AO7=-1,AS7=1,AT7=-1),-2,IF(AND(AS7=1,AT7=1),2,IF(AND(AS7=-1,AT7=-1),-2,"ND")))))) -> -3 | AZ7: =IFERROR(IF(AV7=6,"YSRCP HardCore",IF(AV7=-6,"TDP HardCore",IF(AW7>=4,"YSRCP Sympathiser",IF(AW7<=-4,"TDP Sympathiser",IF(AX7>=3,"YSRCP Sympathiser",IF(AX7<=-3,"TDP Sympathiser",IF(AY7="ND","ND",IF(AY7>=2,"Neutral YSRCP",IF(AY7<=-2,"Neutral TDP",0))))))))),"ND") -> TDP HardCore
A8: 24cf4387-5dbe-4f83-923c-4b4592d2d9da | B8: 46041 | C8: 1/19/2026, 11:40:28 AM | D8: 16.533749, 81.943494 | E8: GWMV+9CG, Botlakurru Doddavaram, Andhra Pradesh, India | F8: Kumpatla venkata satya suryamohan rao | G8: Naeem | H8: http://164.52.221.216/localmedia/media/surveys/samples/recording_2026-01-19_11-35-53_samples_0sJjoeeTdj.mp4 | I8: Kapu | J8: MAMIDIKUDURU_PART | K8: B.DODDAVARAM | L8: కార్మిక/రోజువారీ కూలీ | M8: హిందూ | N8: 60+ | O8: kumpatala.sathanarayana | P8: 9963179215 | Q8: Male | R8: సాగునీరు | S8: బాగుంది | T8: బాగుంది | U8: అమలవడం లేదు | V8: చంద్రబాబు నాయుడు గారు | W8: ఉద్యొగ్య అవకాశాలు కల్పించటం,శాంతి భద్రతలను కాపాడటం,ఆరోగ్య రంగం అభివృద్ధి చేయటం | X8: చంద్రబాబు నాయుడు గారు | Y8: సరైన పార్టీకి వేసాను | Z8: TDP/JSP/BJP (కూటమి | AA8: TDP/JSP/BJP (కూటమి) | AB8: No response | AC8: No response | AD8: Bhagya | AE8: Correctly Done | AF8: 0 | AG8: Valid | AH8: =VLOOKUP(Table1[[#This Row],[Caste]],Factor!$H$1:$K$13,4,0) -> 1.1461626 | AI8: =IFERROR(VLOOKUP(Table1[[#This Row],[Q10: మీరు 2024 అసెంబ్లీ ఎన్నికలో ఏ పార్టీ కి వోట్ వేశారు?]],Factor!$D$22:$H$23,5,0),Factor!$H$24) -> 1.0795332 | AJ8: =Table1[[#This Row],[Factor_1]]*Table1[[#This Row],[2024 Factor]] -> 0.7772114 | AK8: =VLOOKUP(Table1[[#This Row],[Q18: Gender]],Factor!$A$33:$E$35,5,0) -> 0.85034014 | AL8: =VLOOKUP(Table1[[#This Row],[Taluka]],Factor!$A$42:$G$46,7,0) -> 0.7543378 | AM8: =VLOOKUP(Table1[[#This Row],[Caste]]&Table1[[#This Row],[Q18: Gender]],Factor!$W$1:$X$23,2,0) -> 0.71995135 | AN8: =VLOOKUP(Table1[[#This Row],[Taluka]]&Table1[[#This Row],[Caste]]&Table1[[#This Row],[Q18: Gender]],Factor!$AK$4:$AL$93,2,0) -> 0.55527787 | AO8: =IF(T8="బాగుంది",-1,1) -> -1 | AP8: =IF(U8="అమలవడం లేదు",1,-1) -> 1 | AQ8: =IF(V8="జగన్ మోహన్ రెడ్డి గారు",1,-1) -> -1 | AR8: =IF(X8="జగన్ మోహన్ రెడ్డి గారు",1,-1) -> -1 | AS8: =IF(AA8="YSRCP (వైఎస్‌ఆర్‌సీపీ)",1,-1) -> -1 | AT8: =IF(Z8="YSRCP (వైఎస్‌ఆర్‌సీపీ)",1,-1) -> -1 | AU8: =AO8+AP8+AQ8+AR8+(0.5*AS8)+AT8 -> -3.5 | AV8: =SUM(Table1[[#This Row],[Satis]:[29]]) -> -4 | AW8: =AO8+AQ8+AR8+AS8+AT8 -> -5 | AX8: =AQ8+AR8+AS8+AT8 -> -4 | AY8: =IF(AND(AO8=1,AS8=1,AT8=1),3,IF(AND(AO8=-1,AS8=-1,AT8=-1),-3,IF(AND(AO8=1,AS8=-1,AT8=1),2,IF(AND(AO8=-1,AS8=1,AT8=-1),-2,IF(AND(AS8=1,AT8=1),2,IF(AND(AS8=-1,AT8=-1),-2,"ND")))))) -> -3 | AZ8: =IFERROR(IF(AV8=6,"YSRCP HardCore",IF(AV8=-6,"TDP HardCore",IF(AW8>=4,"YSRCP Sympathiser",IF(AW8<=-4,"TDP Sympathiser",IF(AX8>=3,"YSRCP Sympathiser",IF(AX8<=-3,"TDP Sympathiser",IF(AY8="ND","ND",IF(AY8>=2,"Neutral YSRCP",IF(AY8<=-2,"Neutral TDP",0))))))))),"ND") -> TDP Sympathiser
A9: ecaf5f75-9df3-4ea2-8bfa-910b54d9e0f3 | B9: 46041 | C9: 1/19/2026, 11:51:55 AM | D9: 16.532798, 81.943853 | E9: GWMV+7JM, Billakurru, Andhra Pradesh, India | F9: Kumpatla venkata satya suryamohan rao | G9: Naeem | H9: http://164.52.221.216/localmedia/media/surveys/samples/recording_2026-01-19_11-48-57_samples_vLJRcX7khX.mp4 | I9: Kapu | J9: MAMIDIKUDURU_PART | K9: B.DODDAVARAM | L9: కార్మిక/రోజువారీ కూలీ | M9: హిందూ | N9: 41-59 | O9: kumpatla.eswararao | P9: 9550406115 | Q9: Male | R9: సాగునీరు | S9: బాగుంది | T9: బాగుంది | U9: అమలుఅవుతున్నాయి | V9: చంద్రబాబు నాయుడు గారు | W9: శాంతి భద్రతలను కాపాడటం,ఆరోగ్య రంగం అభివృద్ధి చేయటం,సంక్షేమ పథకాలు (నగదు) | X9: చంద్రబాబు నాయుడు గారు | Y9: సరైన పార్టీకి వేసాను | Z9: TDP/JSP/BJP (కూటమి | AA9: TDP/JSP/BJP (కూటమి) | AB9: No response | AC9: No response | AD9: Bhagya | AE9: Correctly Done | AF9: 0 | AG9: Valid | AH9: =VLOOKUP(Table1[[#This Row],[Caste]],Factor!$H$1:$K$13,4,0) -> 1.1461626 | AI9: =IFERROR(VLOOKUP(Table1[[#This Row],[Q10: మీరు 2024 అసెంబ్లీ ఎన్నికలో ఏ పార్టీ కి వోట్ వేశారు?]],Factor!$D$22:$H$23,5,0),Factor!$H$24) -> 1.0795332 | AJ9: =Table1[[#This Row],[Factor_1]]*Table1[[#This Row],[2024 Factor]] -> 0.7772114 | AK9: =VLOOKUP(Table1[[#This Row],[Q18: Gender]],Factor!$A$33:$E$35,5,0) -> 0.85034014 | AL9: =VLOOKUP(Table1[[#This Row],[Taluka]],Factor!$A$42:$G$46,7,0) -> 0.7543378 | AM9: =VLOOKUP(Table1[[#This Row],[Caste]]&Table1[[#This Row],[Q18: Gender]],Factor!$W$1:$X$23,2,0) -> 0.71995135 | AN9: =VLOOKUP(Table1[[#This Row],[Taluka]]&Table1[[#This Row],[Caste]]&Table1[[#This Row],[Q18: Gender]],Factor!$AK$4:$AL$93,2,0) -> 0.55527787 | AO9: =IF(T9="బాగుంది",-1,1) -> -1 | AP9: =IF(U9="అమలవడం లేదు",1,-1) -> -1 | AQ9: =IF(V9="జగన్ మోహన్ రెడ్డి గారు",1,-1) -> -1 | AR9: =IF(X9="జగన్ మోహన్ రెడ్డి గారు",1,-1) -> -1 | AS9: =IF(AA9="YSRCP (వైఎస్‌ఆర్‌సీపీ)",1,-1) -> -1 | AT9: =IF(Z9="YSRCP (వైఎస్‌ఆర్‌సీపీ)",1,-1) -> -1 | AU9: =AO9+AP9+AQ9+AR9+(0.5*AS9)+AT9 -> -5.5 | AV9: =SUM(Table1[[#This Row],[Satis]:[29]]) -> -6 | AW9: =AO9+AQ9+AR9+AS9+AT9 -> -5 | AX9: =AQ9+AR9+AS9+AT9 -> -4 | AY9: =IF(AND(AO9=1,AS9=1,AT9=1),3,IF(AND(AO9=-1,AS9=-1,AT9=-1),-3,IF(AND(AO9=1,AS9=-1,AT9=1),2,IF(AND(AO9=-1,AS9=1,AT9=-1),-2,IF(AND(AS9=1,AT9=1),2,IF(AND(AS9=-1,AT9=-1),-2,"ND")))))) -> -3 | AZ9: =IFERROR(IF(AV9=6,"YSRCP HardCore",IF(AV9=-6,"TDP HardCore",IF(AW9>=4,"YSRCP Sympathiser",IF(AW9<=-4,"TDP Sympathiser",IF(AX9>=3,"YSRCP Sympathiser",IF(AX9<=-3,"TDP Sympathiser",IF(AY9="ND","ND",IF(AY9>=2,"Neutral YSRCP",IF(AY9<=-2,"Neutral TDP",0))))))))),"ND") -> TDP HardCore
A10: 74d97622-615a-40ce-9a5a-89d9c4e89880 | B10: 46041 | C10: 1/19/2026, 12:01:45 PM | D10: 16.533115, 81.943010 | E10: SHOP NO.1, DODDAVARAM, Mamidikududru, Andhra Pradesh, India | F10: Kumpatla venkata satya suryamohan rao | G10: Naeem | H10: http://164.52.221.216/localmedia/media/surveys/samples/recording_2026-01-19_11-59-57_samples_gohK0oKMAS.mp4 | I10: Kapu | J10: MAMIDIKUDURU_PART | K10: B.DODDAVARAM | L10: కార్మిక/రోజువారీ కూలీ | M10: హిందూ | N10: 41-59 | O10: g.rambabu | P10: 8008563739 | Q10: Male | R10: సాగునీరు | S10: బాగుంది | T10: బాగుంది | U10: అమలవడం లేదు | V10: చంద్రబాబు నాయుడు గారు | W10: రోడ్లు వేయటం,ఆరోగ్య రంగం అభివృద్ధి చేయటం,సంక్షేమ పథకాలు (నగదు) | X10: చంద్రబాబు నాయుడు గారు | Y10: సరైన పార్టీకి వేసాను | Z10: TDP/JSP/BJP (కూటమి | AA10: TDP/JSP/BJP (కూటమి) | AB10: No response | AC10: No response | AD10: Bhagya | AE10: Correctly Done | AF10: 0 | AG10: Valid | AH10: =VLOOKUP(Table1[[#This Row],[Caste]],Factor!$H$1:$K$13,4,0) -> 1.1461626 | AI10: =IFERROR(VLOOKUP(Table1[[#This Row],[Q10: మీరు 2024 అసెంబ్లీ ఎన్నికలో ఏ పార్టీ కి వోట్ వేశారు?]],Factor!$D$22:$H$23,5,0),Factor!$H$24) -> 1.0795332 | AJ10: =Table1[[#This Row],[Factor_1]]*Table1[[#This Row],[2024 Factor]] -> 0.7772114 | AK10: =VLOOKUP(Table1[[#This Row],[Q18: Gender]],Factor!$A$33:$E$35,5,0) -> 0.85034014 | AL10: =VLOOKUP(Table1[[#This Row],[Taluka]],Factor!$A$42:$G$46,7,0) -> 0.7543378 | AM10: =VLOOKUP(Table1[[#This Row],[Caste]]&Table1[[#This Row],[Q18: Gender]],Factor!$W$1:$X$23,2,0) -> 0.71995135 | AN10: =VLOOKUP(Table1[[#This Row],[Taluka]]&Table1[[#This Row],[Caste]]&Table1[[#This Row],[Q18: Gender]],Factor!$AK$4:$AL$93,2,0) -> 0.55527787 | AO10: =IF(T10="బాగుంది",-1,1) -> -1 | AP10: =IF(U10="అమలవడం లేదు",1,-1) -> 1 | AQ10: =IF(V10="జగన్ మోహన్ రెడ్డి గారు",1,-1) -> -1 | AR10: =IF(X10="జగన్ మోహన్ రెడ్డి గారు",1,-1) -> -1 | AS10: =IF(AA10="YSRCP (వైఎస్‌ఆర్‌సీపీ)",1,-1) -> -1 | AT10: =IF(Z10="YSRCP (వైఎస్‌ఆర్‌సీపీ)",1,-1) -> -1 | AU10: =AO10+AP10+AQ10+AR10+(0.5*AS10)+AT10 -> -3.5 | AV10: =SUM(Table1[[#This Row],[Satis]:[29]]) -> -4 | AW10: =AO10+AQ10+AR10+AS10+AT10 -> -5 | AX10: =AQ10+AR10+AS10+AT10 -> -4 | AY10: =IF(AND(AO10=1,AS10=1,AT10=1),3,IF(AND(AO10=-1,AS10=-1,AT10=-1),-3,IF(AND(AO10=1,AS10=-1,AT10=1),2,IF(AND(AO10=-1,AS10=1,AT10=-1),-2,IF(AND(AS10=1,AT10=1),2,IF(AND(AS10=-1,AT10=-1),-2,"ND")))))) -> -3 | AZ10: =IFERROR(IF(AV10=6,"YSRCP HardCore",IF(AV10=-6,"TDP HardCore",IF(AW10>=4,"YSRCP Sympathiser",IF(AW10<=-4,"TDP Sympathiser",IF(AX10>=3,"YSRCP Sympathiser",IF(AX10<=-3,"TDP Sympathiser",IF(AY10="ND","ND",IF(AY10>=2,"Neutral YSRCP",IF(AY10<=-2,"Neutral TDP",0))))))))),"ND") -> TDP Sympathiser
A11: b90ab7de-fb3d-45c2-9758-69e0c32b5060 | B11: 46041 | C11: 1/19/2026, 12:08:46 PM | D11: 16.533287, 81.941870 | E11: GWMR+CR2, Botlakurru Doddavaram, Andhra Pradesh, India | F11: Kumpatla venkata satya suryamohan rao | G11: Naeem | H11: http://164.52.221.216/localmedia/media/surveys/samples/recording_2026-01-19_12-03-54_samples_ZV3ziKAIxz.mp4 | I11: Settibalija | J11: MAMIDIKUDURU_PART | K11: B.DODDAVARAM | L11: వ్యవసాయం | M11: హిందూ | N11: 60+ | O11: a.sriramulu | P11: 7661907195 | Q11: Male | R11: డ్రైనేజి | S11: ఏమి చెప్పలేను | T11: బాగుంది | U11: అమలుఅవుతున్నాయి | V11: చంద్రబాబు నాయుడు గారు | W11: ఉద్యొగ్య అవకాశాలు కల్పించటం,ఆరోగ్య రంగం అభివృద్ధి చేయటం,సంక్షేమ పథకాలు (నగదు) | X11: చంద్రబాబు నాయుడు గారు | Y11: సరైన పార్టీకి వేసాను | Z11: TDP/JSP/BJP (కూటమి | AA11: TDP/JSP/BJP (కూటమి) | AB11: No response | AC11: No response | AD11: Bhagya | AE11: Correctly Done | AF11: 0 | AG11: Valid | AH11: =VLOOKUP(Table1[[#This Row],[Caste]],Factor!$H$1:$K$13,4,0) -> 1.1705128 | AI11: =IFERROR(VLOOKUP(Table1[[#This Row],[Q10: మీరు 2024 అసెంబ్లీ ఎన్నికలో ఏ పార్టీ కి వోట్ వేశారు?]],Factor!$D$22:$H$23,5,0),Factor!$H$24) -> 1.0795332 | AJ11: =Table1[[#This Row],[Factor_1]]*Table1[[#This Row],[2024 Factor]] -> 0.86308903 | AK11: =VLOOKUP(Table1[[#This Row],[Q18: Gender]],Factor!$A$33:$E$35,5,0) -> 0.85034014 | AL11: =VLOOKUP(Table1[[#This Row],[Taluka]],Factor!$A$42:$G$46,7,0) -> 0.7543378 | AM11: =VLOOKUP(Table1[[#This Row],[Caste]]&Table1[[#This Row],[Q18: Gender]],Factor!$W$1:$X$23,2,0) -> 0.79950206 | AN11: =VLOOKUP(Table1[[#This Row],[Taluka]]&Table1[[#This Row],[Caste]]&Table1[[#This Row],[Q18: Gender]],Factor!$AK$4:$AL$93,2,0) -> 0.40257772 | AO11: =IF(T11="బాగుంది",-1,1) -> -1 | AP11: =IF(U11="అమలవడం లేదు",1,-1) -> -1 | AQ11: =IF(V11="జగన్ మోహన్ రెడ్డి గారు",1,-1) -> -1 | AR11: =IF(X11="జగన్ మోహన్ రెడ్డి గారు",1,-1) -> -1 | AS11: =IF(AA11="YSRCP (వైఎస్‌ఆర్‌సీపీ)",1,-1) -> -1 | AT11: =IF(Z11="YSRCP (వైఎస్‌ఆర్‌సీపీ)",1,-1) -> -1 | AU11: =AO11+AP11+AQ11+AR11+(0.5*AS11)+AT11 -> -5.5 | AV11: =SUM(Table1[[#This Row],[Satis]:[29]]) -> -6 | AW11: =AO11+AQ11+AR11+AS11+AT11 -> -5 | AX11: =AQ11+AR11+AS11+AT11 -> -4 | AY11: =IF(AND(AO11=1,AS11=1,AT11=1),3,IF(AND(AO11=-1,AS11=-1,AT11=-1),-3,IF(AND(AO11=1,AS11=-1,AT11=1),2,IF(AND(AO11=-1,AS11=1,AT11=-1),-2,IF(AND(AS11=1,AT11=1),2,IF(AND(AS11=-1,AT11=-1),-2,"ND")))))) -> -3 | AZ11: =IFERROR(IF(AV11=6,"YSRCP HardCore",IF(AV11=-6,"TDP HardCore",IF(AW11>=4,"YSRCP Sympathiser",IF(AW11<=-4,"TDP Sympathiser",IF(AX11>=3,"YSRCP Sympathiser",IF(AX11<=-3,"TDP Sympathiser",IF(AY11="ND","ND",IF(AY11>=2,"Neutral YSRCP",IF(AY11<=-2,"Neutral TDP",0))))))))),"ND") -> TDP HardCore
A12: c6ef925c-63db-427b-8346-991da5797ea8 | B12: 46041 | C12: 1/19/2026, 12:22:55 PM | D12: 16.531868, 81.939902 | E12: GWJQ+QWJ, Botlakurru Doddavaram, Andhra Pradesh, India | F12: Kumpatla venkata satya suryamohan rao | G12: Naeem | H12: http://164.52.221.216/localmedia/media/surveys/samples/recording_2026-01-19_12-19-29_samples_nK3CSFyiSd.mp4 | I12: Settibalija | J12: MAMIDIKUDURU_PART | K12: B.DODDAVARAM | L12: కార్మిక/రోజువారీ కూలీ | M12: హిందూ | N12: 60+ | O12: v.saibabu | P12: 9703278895 | Q12: Male | R12: రోడ్లు | S12: బాగుంది | T12: బాగుంది | U12: అమలుఅవుతున్నాయి | V12: చంద్రబాబు నాయుడు గారు | W12: రోడ్లు వేయటం,ఉద్యొగ్య అవకాశాలు కల్పించటం,సంక్షేమ పథకాలు (నగదు) | X12: చంద్రబాబు నాయుడు గారు | Y12: సరైన పార్టీకి వేసాను | Z12: TDP/JSP/BJP (కూటమి | AA12: TDP/JSP/BJP (కూటమి) | AB12: No response | AC12: No response | AD12: Bhagya | AE12: Not Doing It Properly | AF12: 0 | AG12: Valid | AH12: =VLOOKUP(Table1[[#This Row],[Caste]],Factor!$H$1:$K$13,4,0) -> 1.1705128 | AI12: =IFERROR(VLOOKUP(Table1[[#This Row],[Q10: మీరు 2024 అసెంబ్లీ ఎన్నికలో ఏ పార్టీ కి వోట్ వేశారు?]],Factor!$D$22:$H$23,5,0),Factor!$H$24) -> 1.0795332 | AJ12: =Table1[[#This Row],[Factor_1]]*Table1[[#This Row],[2024 Factor]] -> 0.86308903 | AK12: =VLOOKUP(Table1[[#This Row],[Q18: Gender]],Factor!$A$33:$E$35,5,0) -> 0.85034014 | AL12: =VLOOKUP(Table1[[#This Row],[Taluka]],Factor!$A$42:$G$46,7,0) -> 0.7543378 | AM12: =VLOOKUP(Table1[[#This Row],[Caste]]&Table1[[#This Row],[Q18: Gender]],Factor!$W$1:$X$23,2,0) -> 0.79950206 | AN12: =VLOOKUP(Table1[[#This Row],[Taluka]]&Table1[[#This Row],[Caste]]&Table1[[#This Row],[Q18: Gender]],Factor!$AK$4:$AL$93,2,0) -> 0.40257772 | AO12: =IF(T12="బాగుంది",-1,1) -> -1 | AP12: =IF(U12="అమలవడం లేదు",1,-1) -> -1 | AQ12: =IF(V12="జగన్ మోహన్ రెడ్డి గారు",1,-1) -> -1 | AR12: =IF(X12="జగన్ మోహన్ రెడ్డి గారు",1,-1) -> -1 | AS12: =IF(AA12="YSRCP (వైఎస్‌ఆర్‌సీపీ)",1,-1) -> -1 | AT12: =IF(Z12="YSRCP (వైఎస్‌ఆర్‌సీపీ)",1,-1) -> -1 | AU12: =AO12+AP12+AQ12+AR12+(0.5*AS12)+AT12 -> -5.5 | AV12: =SUM(Table1[[#This Row],[Satis]:[29]]) -> -6 | AW12: =AO12+AQ12+AR12+AS12+AT12 -> -5 | AX12: =AQ12+AR12+AS12+AT12 -> -4 | AY12: =IF(AND(AO12=1,AS12=1,AT12=1),3,IF(AND(AO12=-1,AS12=-1,AT12=-1),-3,IF(AND(AO12=1,AS12=-1,AT12=1),2,IF(AND(AO12=-1,AS12=1,AT12=-1),-2,IF(AND(AS12=1,AT12=1),2,IF(AND(AS12=-1,AT12=-1),-2,"ND")))))) -> -3 | AZ12: =IFERROR(IF(AV12=6,"YSRCP HardCore",IF(AV12=-6,"TDP HardCore",IF(AW12>=4,"YSRCP Sympathiser",IF(AW12<=-4,"TDP Sympathiser",IF(AX12>=3,"YSRCP Sympathiser",IF(AX12<=-3,"TDP Sympathiser",IF(AY12="ND","ND",IF(AY12>=2,"Neutral YSRCP",IF(AY12<=-2,"Neutral TDP",0))))))))),"ND") -> TDP HardCore
A13: 3525b2cd-d85e-4146-9bd6-67359b72ff72 | B13: 46041 | C13: 1/19/2026, 12:33:26 PM | D13: 16.533032, 81.939470 | E13: GWMQ+6RR, Botlakurru Doddavaram, Andhra Pradesh, India | F13: Kumpatla venkata satya suryamohan rao | G13: Naeem | H13: http://164.52.221.216/localmedia/media/surveys/samples/recording_2026-01-19_12-24-52_samples_ImrKHASj4v.mp4 | I13: Settibalija | J13: MAMIDIKUDURU_PART | K13: B.DODDAVARAM | L13: వ్యవసాయం | M13: హిందూ | N13: 60+ | O13: mamidisetti.saibabu | P13: 9676631767 | Q13: Male | R13: త్రాగునీరు | S13: బాగుంది | T13: బాగుంది | U13: అమలుఅవుతున్నాయి | V13: చంద్రబాబు నాయుడు గారు | W13: రోడ్లు వేయటం,ఉద్యొగ్య అవకాశాలు కల్పించటం,వ్యవసాయం-రైతు బాగుండడం,సంక్షేమ పథకాలు (నగదు) | X13: చంద్రబాబు నాయుడు గారు | Y13: సరైన పార్టీకి వేసాను | Z13: TDP/JSP/BJP (కూటమి | AA13: TDP/JSP/BJP (కూటమి) | AB13: No response | AC13: No response | AD13: Bhagya | AE13: Not Asking Some of the Questions | AF13: 0 | AG13: Not Valid | AH13: =VLOOKUP(Table1[[#This Row],[Caste]],Factor!$H$1:$K$13,4,0) -> 1.1705128 | AI13: =IFERROR(VLOOKUP(Table1[[#This Row],[Q10: మీరు 2024 అసెంబ్లీ ఎన్నికలో ఏ పార్టీ కి వోట్ వేశారు?]],Factor!$D$22:$H$23,5,0),Factor!$H$24) -> 1.0795332 | AJ13: =Table1[[#This Row],[Factor_1]]*Table1[[#This Row],[2024 Factor]] -> 0.86308903 | AK13: =VLOOKUP(Table1[[#This Row],[Q18: Gender]],Factor!$A$33:$E$35,5,0) -> 0.85034014 | AL13: =VLOOKUP(Table1[[#This Row],[Taluka]],Factor!$A$42:$G$46,7,0) -> 0.7543378 | AM13: =VLOOKUP(Table1[[#This Row],[Caste]]&Table1[[#This Row],[Q18: Gender]],Factor!$W$1:$X$23,2,0) -> 0.79950206 | AN13: =VLOOKUP(Table1[[#This Row],[Taluka]]&Table1[[#This Row],[Caste]]&Table1[[#This Row],[Q18: Gender]],Factor!$AK$4:$AL$93,2,0) -> 0.40257772 | AO13: =IF(T13="బాగుంది",-1,1) -> -1 | AP13: =IF(U13="అమలవడం లేదు",1,-1) -> -1 | AQ13: =IF(V13="జగన్ మోహన్ రెడ్డి గారు",1,-1) -> -1 | AR13: =IF(X13="జగన్ మోహన్ రెడ్డి గారు",1,-1) -> -1 | AS13: =IF(AA13="YSRCP (వైఎస్‌ఆర్‌సీపీ)",1,-1) -> -1 | AT13: =IF(Z13="YSRCP (వైఎస్‌ఆర్‌సీపీ)",1,-1) -> -1 | AU13: =AO13+AP13+AQ13+AR13+(0.5*AS13)+AT13 -> -5.5 | AV13: =SUM(Table1[[#This Row],[Satis]:[29]]) -> -6 | AW13: =AO13+AQ13+AR13+AS13+AT13 -> -5 | AX13: =AQ13+AR13+AS13+AT13 -> -4 | AY13: =IF(AND(AO13=1,AS13=1,AT13=1),3,IF(AND(AO13=-1,AS13=-1,AT13=-1),-3,IF(AND(AO13=1,AS13=-1,AT13=1),2,IF(AND(AO13=-1,AS13=1,AT13=-1),-2,IF(AND(AS13=1,AT13=1),2,IF(AND(AS13=-1,AT13=-1),-2,"ND")))))) -> -3 | AZ13: =IFERROR(IF(AV13=6,"YSRCP HardCore",IF(AV13=-6,"TDP HardCore",IF(AW13>=4,"YSRCP Sympathiser",IF(AW13<=-4,"TDP Sympathiser",IF(AX13>=3,"YSRCP Sympathiser",IF(AX13<=-3,"TDP Sympathiser",IF(AY13="ND","ND",IF(AY13>=2,"Neutral YSRCP",IF(AY13<=-2,"Neutral TDP",0))))))))),"ND") -> TDP HardCore
A14: e33119d5-b2f6-4982-9c9d-9eb47e167a40 | B14: 46041 | C14: 1/19/2026, 12:46:14 PM | D14: 16.532588, 81.940232 | E14: GWJQ+XX5, Botlakurru Doddavaram, Andhra Pradesh, India | F14: Kumpatla venkata satya suryamohan rao | G14: Naeem | H14: http://164.52.221.216/localmedia/media/surveys/samples/recording_2026-01-19_12-39-39_samples_RMQsCgNTA2.mp4 | I14: Kshatriya/Rajulu | J14: MAMIDIKUDURU_PART | K14: B.DODDAVARAM | L14: ప్రైవేట్ ఉద్యోగం | M14: హిందూ | N14: 60+ | O14: v.s.n.sarama | P14: 9553240503 | Q14: Male | R14: డ్రైనేజి | S14: బాగుంది | T14: బాగుంది | U14: అమలుఅవుతున్నాయి | V14: చంద్రబాబు నాయుడు గారు | W14: రోడ్లు వేయటం,ఆరోగ్య రంగం అభివృద్ధి చేయటం,సంక్షేమ పథకాలు (నగదు) | X14: చంద్రబాబు నాయుడు గారు | Y14: సరైన పార్టీకి వేసాను | Z14: TDP/JSP/BJP (కూటమి | AA14: YSRCP (వైఎస్‌ఆర్‌సీపీ) | AB14: లేరు, వారిని మార్చాలి | AC14: Pamula Rajeswari Devi | AD14: Bhagya | AE14: Not Doing It Properly | AF14: 0 | AG14: Valid | AH14: =VLOOKUP(Table1[[#This Row],[Caste]],Factor!$H$1:$K$13,4,0) -> 1.8452249 | AI14: =IFERROR(VLOOKUP(Table1[[#This Row],[Q10: మీరు 2024 అసెంబ్లీ ఎన్నికలో ఏ పార్టీ కి వోట్ వేశారు?]],Factor!$D$22:$H$23,5,0),Factor!$H$24) -> 1.8055838 | AJ14: =Table1[[#This Row],[Factor_1]]*Table1[[#This Row],[2024 Factor]] -> 2.6177706 | AK14: =VLOOKUP(Table1[[#This Row],[Q18: Gender]],Factor!$A$33:$E$35,5,0) -> 0.85034014 | AL14: =VLOOKUP(Table1[[#This Row],[Taluka]],Factor!$A$42:$G$46,7,0) -> 0.7543378 | AM14: =VLOOKUP(Table1[[#This Row],[Caste]]&Table1[[#This Row],[Q18: Gender]],Factor!$W$1:$X$23,2,0) -> 1.4498196 | AN14: =VLOOKUP(Table1[[#This Row],[Taluka]]&Table1[[#This Row],[Caste]]&Table1[[#This Row],[Q18: Gender]],Factor!$AK$4:$AL$93,2,0) -> 1.1406808 | AO14: =IF(T14="బాగుంది",-1,1) -> -1 | AP14: =IF(U14="అమలవడం లేదు",1,-1) -> -1 | AQ14: =IF(V14="జగన్ మోహన్ రెడ్డి గారు",1,-1) -> -1 | AR14: =IF(X14="జగన్ మోహన్ రెడ్డి గారు",1,-1) -> -1 | AS14: =IF(AA14="YSRCP (వైఎస్‌ఆర్‌సీపీ)",1,-1) -> 1 | AT14: =IF(Z14="YSRCP (వైఎస్‌ఆర్‌సీపీ)",1,-1) -> -1 | AU14: =AO14+AP14+AQ14+AR14+(0.5*AS14)+AT14 -> -4.5 | AV14: =SUM(Table1[[#This Row],[Satis]:[29]]) -> -4 | AW14: =AO14+AQ14+AR14+AS14+AT14 -> -3 | AX14: =AQ14+AR14+AS14+AT14 -> -2 | AY14: =IF(AND(AO14=1,AS14=1,AT14=1),3,IF(AND(AO14=-1,AS14=-1,AT14=-1),-3,IF(AND(AO14=1,AS14=-1,AT14=1),2,IF(AND(AO14=-1,AS14=1,AT14=-1),-2,IF(AND(AS14=1,AT14=1),2,IF(AND(AS14=-1,AT14=-1),-2,"ND")))))) -> -2 | AZ14: =IFERROR(IF(AV14=6,"YSRCP HardCore",IF(AV14=-6,"TDP HardCore",IF(AW14>=4,"YSRCP Sympathiser",IF(AW14<=-4,"TDP Sympathiser",IF(AX14>=3,"YSRCP Sympathiser",IF(AX14<=-3,"TDP Sympathiser",IF(AY14="ND","ND",IF(AY14>=2,"Neutral YSRCP",IF(AY14<=-2,"Neutral TDP",0))))))))),"ND") -> Neutral TDP
A15: f83f01f0-19d4-4a2f-9a09-e25529c56e90 | B15: 46041 | C15: 1/19/2026, 12:53:51 PM | D15: 16.533199, 81.941655 | E15: GWMR+CR2, Botlakurru Doddavaram, Andhra Pradesh, India | F15: Kumpatla venkata satya suryamohan rao | G15: Naeem | H15: http://164.52.221.216/localmedia/media/surveys/samples/recording_2026-01-19_12-50-26_samples_e5cCTuYhwH.mp4 | I15: Settibalija | J15: MAMIDIKUDURU_PART | K15: B.DODDAVARAM | L15: ప్రైవేట్ ఉద్యోగం | M15: హిందూ | N15: 26-40 | O15: Appari Krishna Chaitanya | P15: 9505955945 | Q15: Male | R15: త్రాగునీరు | S15: బాగుంది | T15: బాగుంది | U15: అమలవడం లేదు | V15: చంద్రబాబు నాయుడు గారు | W15: ఉద్యొగ్య అవకాశాలు కల్పించటం,విద్య రంగం అభివృద్ధి చేయటం,వ్యవసాయం-రైతు బాగుండడం | X15: చంద్రబాబు నాయుడు గారు | Y15: సరైన పార్టీకి వేసాను | Z15: TDP/JSP/BJP (కూటమి | AA15: TDP/JSP/BJP (కూటమి) | AB15: No response | AC15: No response | AD15: Bhagya | AE15: Correctly Done | AF15: 0 | AG15: Valid | AH15: =VLOOKUP(Table1[[#This Row],[Caste]],Factor!$H$1:$K$13,4,0) -> 1.1705128 | AI15: =IFERROR(VLOOKUP(Table1[[#This Row],[Q10: మీరు 2024 అసెంబ్లీ ఎన్నికలో ఏ పార్టీ కి వోట్ వేశారు?]],Factor!$D$22:$H$23,5,0),Factor!$H$24) -> 1.0795332 | AJ15: =Table1[[#This Row],[Factor_1]]*Table1[[#This Row],[2024 Factor]] -> 0.86308903 | AK15: =VLOOKUP(Table1[[#This Row],[Q18: Gender]],Factor!$A$33:$E$35,5,0) -> 0.85034014 | AL15: =VLOOKUP(Table1[[#This Row],[Taluka]],Factor!$A$42:$G$46,7,0) -> 0.7543378 | AM15: =VLOOKUP(Table1[[#This Row],[Caste]]&Table1[[#This Row],[Q18: Gender]],Factor!$W$1:$X$23,2,0) -> 0.79950206 | AN15: =VLOOKUP(Table1[[#This Row],[Taluka]]&Table1[[#This Row],[Caste]]&Table1[[#This Row],[Q18: Gender]],Factor!$AK$4:$AL$93,2,0) -> 0.40257772 | AO15: =IF(T15="బాగుంది",-1,1) -> -1 | AP15: =IF(U15="అమలవడం లేదు",1,-1) -> 1 | AQ15: =IF(V15="జగన్ మోహన్ రెడ్డి గారు",1,-1) -> -1 | AR15: =IF(X15="జగన్ మోహన్ రెడ్డి గారు",1,-1) -> -1 | AS15: =IF(AA15="YSRCP (వైఎస్‌ఆర్‌సీపీ)",1,-1) -> -1 | AT15: =IF(Z15="YSRCP (వైఎస్‌ఆర్‌సీపీ)",1,-1) -> -1 | AU15: =AO15+AP15+AQ15+AR15+(0.5*AS15)+AT15 -> -3.5 | AV15: =SUM(Table1[[#This Row],[Satis]:[29]]) -> -4 | AW15: =AO15+AQ15+AR15+AS15+AT15 -> -5 | AX15: =AQ15+AR15+AS15+AT15 -> -4 | AY15: =IF(AND(AO15=1,AS15=1,AT15=1),3,IF(AND(AO15=-1,AS15=-1,AT15=-1),-3,IF(AND(AO15=1,AS15=-1,AT15=1),2,IF(AND(AO15=-1,AS15=1,AT15=-1),-2,IF(AND(AS15=1,AT15=1),2,IF(AND(AS15=-1,AT15=-1),-2,"ND")))))) -> -3 | AZ15: =IFERROR(IF(AV15=6,"YSRCP HardCore",IF(AV15=-6,"TDP HardCore",IF(AW15>=4,"YSRCP Sympathiser",IF(AW15<=-4,"TDP Sympathiser",IF(AX15>=3,"YSRCP Sympathiser",IF(AX15<=-3,"TDP Sympathiser",IF(AY15="ND","ND",IF(AY15>=2,"Neutral YSRCP",IF(AY15<=-2,"Neutral TDP",0))))))))),"ND") -> TDP Sympathiser
A16: 6c5b3fa9-dfe2-4fe7-b465-4fbcea61208a | B16: 46041 | C16: 1/19/2026, 12:58:08 PM | D16: 16.534897, 81.942160 | E16: GWPV+63H, Pedapatnam, Andhra Pradesh, India | F16: Kumpatla venkata satya suryamohan rao | G16: Naeem | H16: http://164.52.221.216/localmedia/media/surveys/samples/recording_2026-01-19_12-55-24_samples_h9Sof45VHq.mp4 | I16: Padmasali/Devanga | J16: MAMIDIKUDURU_PART | K16: B.DODDAVARAM | L16: నిరుద్యోగి | M16: హిందూ | N16: 18-25 | O16: Peruri. N S Maniswar | P16: 9515863855 | Q16: Male | R16: త్రాగునీరు | S16: బాగుంది | T16: బాగుంది | U16: అమలవడం లేదు | V16: చంద్రబాబు నాయుడు గారు | W16: ఉద్యొగ్య అవకాశాలు కల్పించటం,విద్య రంగం అభివృద్ధి చేయటం,వ్యవసాయం-రైతు బాగుండడం | X16: చంద్రబాబు నాయుడు గారు | Y16: సరైన పార్టీకి వేసాను | Z16: TDP/JSP/BJP (కూటమి | AA16: TDP/JSP/BJP (కూటమి) | AB16: No response | AC16: No response | AD16: Bhagya | AE16: Correctly Done | AF16: 0 | AG16: Valid | AH16: =VLOOKUP(Table1[[#This Row],[Caste]],Factor!$H$1:$K$13,4,0) -> 2.1852575 | AI16: =IFERROR(VLOOKUP(Table1[[#This Row],[Q10: మీరు 2024 అసెంబ్లీ ఎన్నికలో ఏ పార్టీ కి వోట్ వేశారు?]],Factor!$D$22:$H$23,5,0),Factor!$H$24) -> 1.0795332 | AJ16: =Table1[[#This Row],[Factor_1]]*Table1[[#This Row],[2024 Factor]] -> 1.7037642 | AK16: =VLOOKUP(Table1[[#This Row],[Q18: Gender]],Factor!$A$33:$E$35,5,0) -> 0.85034014 | AL16: =VLOOKUP(Table1[[#This Row],[Taluka]],Factor!$A$42:$G$46,7,0) -> 0.7543378 | AM16: =VLOOKUP(Table1[[#This Row],[Caste]]&Table1[[#This Row],[Q18: Gender]],Factor!$W$1:$X$23,2,0) -> 1.5782416 | AN16: =VLOOKUP(Table1[[#This Row],[Taluka]]&Table1[[#This Row],[Caste]]&Table1[[#This Row],[Q18: Gender]],Factor!$AK$4:$AL$93,2,0) -> 0.79824853 | AO16: =IF(T16="బాగుంది",-1,1) -> -1 | AP16: =IF(U16="అమలవడం లేదు",1,-1) -> 1 | AQ16: =IF(V16="జగన్ మోహన్ రెడ్డి గారు",1,-1) -> -1 | AR16: =IF(X16="జగన్ మోహన్ రెడ్డి గారు",1,-1) -> -1 | AS16: =IF(AA16="YSRCP (వైఎస్‌ఆర్‌సీపీ)",1,-1) -> -1 | AT16: =IF(Z16="YSRCP (వైఎస్‌ఆర్‌సీపీ)",1,-1) -> -1 | AU16: =AO16+AP16+AQ16+AR16+(0.5*AS16)+AT16 -> -3.5 | AV16: =SUM(Table1[[#This Row],[Satis]:[29]]) -> -4 | AW16: =AO16+AQ16+AR16+AS16+AT16 -> -5 | AX16: =AQ16+AR16+AS16+AT16 -> -4 | AY16: =IF(AND(AO16=1,AS16=1,AT16=1),3,IF(AND(AO16=-1,AS16=-1,AT16=-1),-3,IF(AND(AO16=1,AS16=-1,AT16=1),2,IF(AND(AO16=-1,AS16=1,AT16=-1),-2,IF(AND(AS16=1,AT16=1),2,IF(AND(AS16=-1,AT16=-1),-2,"ND")))))) -> -3 | AZ16: =IFERROR(IF(AV16=6,"YSRCP HardCore",IF(AV16=-6,"TDP HardCore",IF(AW16>=4,"YSRCP Sympathiser",IF(AW16<=-4,"TDP Sympathiser",IF(AX16>=3,"YSRCP Sympathiser",IF(AX16<=-3,"TDP Sympathiser",IF(AY16="ND","ND",IF(AY16>=2,"Neutral YSRCP",IF(AY16<=-2,"Neutral TDP",0))))))))),"ND") -> TDP Sympathiser
A17: 0a778b63-b388-4539-bc76-8aede88a36b6 | B17: 46041 | C17: 1/19/2026, 1:01:49 PM | D17: 16.534087, 81.942688 | E17: GWMV+83G, Botlakurru Doddavaram, Andhra Pradesh, India | F17: Kumpatla venkata satya suryamohan rao | G17: Naeem | H17: http://164.52.221.216/localmedia/media/surveys/samples/recording_2026-01-19_12-59-14_samples_tdv6JRrgof.mp4 | I17: Rajaka | J17: MAMIDIKUDURU_PART | K17: B.DODDAVARAM | L17: విద్యార్థి | M17: హిందూ | N17: 18-25 | O17: Samantha Karthika om sai | P17: 9392359646 | Q17: Male | R17: డ్రైనేజి | S17: బాగుంది | T17: బాగుంది | U17: అమలుఅవుతున్నాయి | V17: చంద్రబాబు నాయుడు గారు | W17: ఉద్యొగ్య అవకాశాలు కల్పించటం,ఆరోగ్య రంగం అభివృద్ధి చేయటం,సంక్షేమ పథకాలు (నగదు) | X17: చంద్రబాబు నాయుడు గారు | Y17: సరైన పార్టీకి వేసాను | Z17: TDP/JSP/BJP (కూటమి | AA17: TDP/JSP/BJP (కూటమి) | AB17: No response | AC17: No response | AD17: Bhagya | AE17: Audio Not Playing/ Inaudbile | AF17: inaudible due to phn ringtone | AG17: Not Valid | AH17: =VLOOKUP(Table1[[#This Row],[Caste]],Factor!$H$1:$K$13,4,0) -> 1.047881 | AI17: =IFERROR(VLOOKUP(Table1[[#This Row],[Q10: మీరు 2024 అసెంబ్లీ ఎన్నికలో ఏ పార్టీ కి వోట్ వేశారు?]],Factor!$D$22:$H$23,5,0),Factor!$H$24) -> 1.0795332 | AJ17: =Table1[[#This Row],[Factor_1]]*Table1[[#This Row],[2024 Factor]] -> 0.82666248 | AK17: =VLOOKUP(Table1[[#This Row],[Q18: Gender]],Factor!$A$33:$E$35,5,0) -> 0.85034014 | AL17: =VLOOKUP(Table1[[#This Row],[Taluka]],Factor!$A$42:$G$46,7,0) -> 0.7543378 | AM17: =VLOOKUP(Table1[[#This Row],[Caste]]&Table1[[#This Row],[Q18: Gender]],Factor!$W$1:$X$23,2,0) -> 0.76575919 | AN17: =VLOOKUP(Table1[[#This Row],[Taluka]]&Table1[[#This Row],[Caste]]&Table1[[#This Row],[Q18: Gender]],Factor!$AK$4:$AL$93,2,0) -> 0.22377816 | AO17: =IF(T17="బాగుంది",-1,1) -> -1 | AP17: =IF(U17="అమలవడం లేదు",1,-1) -> -1 | AQ17: =IF(V17="జగన్ మోహన్ రెడ్డి గారు",1,-1) -> -1 | AR17: =IF(X17="జగన్ మోహన్ రెడ్డి గారు",1,-1) -> -1 | AS17: =IF(AA17="YSRCP (వైఎస్‌ఆర్‌సీపీ)",1,-1) -> -1 | AT17: =IF(Z17="YSRCP (వైఎస్‌ఆర్‌సీపీ)",1,-1) -> -1 | AU17: =AO17+AP17+AQ17+AR17+(0.5*AS17)+AT17 -> -5.5 | AV17: =SUM(Table1[[#This Row],[Satis]:[29]]) -> -6 | AW17: =AO17+AQ17+AR17+AS17+AT17 -> -5 | AX17: =AQ17+AR17+AS17+AT17 -> -4 | AY17: =IF(AND(AO17=1,AS17=1,AT17=1),3,IF(AND(AO17=-1,AS17=-1,AT17=-1),-3,IF(AND(AO17=1,AS17=-1,AT17=1),2,IF(AND(AO17=-1,AS17=1,AT17=-1),-2,IF(AND(AS17=1,AT17=1),2,IF(AND(AS17=-1,AT17=-1),-2,"ND")))))) -> -3 | AZ17: =IFERROR(IF(AV17=6,"YSRCP HardCore",IF(AV17=-6,"TDP HardCore",IF(AW17>=4,"YSRCP Sympathiser",IF(AW17<=-4,"TDP Sympathiser",IF(AX17>=3,"YSRCP Sympathiser",IF(AX17<=-3,"TDP Sympathiser",IF(AY17="ND","ND",IF(AY17>=2,"Neutral YSRCP",IF(AY17<=-2,"Neutral TDP",0))))))))),"ND") -> TDP HardCore
A18: d376b01d-7d2b-4f95-a82a-b75cb84eba1a | B18: 46041 | C18: 1/19/2026, 1:05:22 PM | D18: 16.533189, 81.941652 | E18: GWMR+CR2, Botlakurru Doddavaram, Andhra Pradesh, India | F18: Kumpatla venkata satya suryamohan rao | G18: Naeem | H18: http://164.52.221.216/localmedia/media/surveys/samples/recording_2026-01-19_13-03-26_samples_LdQqSqkQdo.mp4 | I18: Settibalija | J18: MAMIDIKUDURU_PART | K18: B.DODDAVARAM | L18: విద్యార్థి | M18: హిందూ | N18: 18-25 | O18: appari syam kumar | P18: 9505912853 | Q18: Male | R18: కరెంట్ | S18: బాగుంది | T18: బాగుంది | U18: అమలవడం లేదు | V18: చంద్రబాబు నాయుడు గారు | W18: రోడ్లు వేయటం,ఉద్యొగ్య అవకాశాలు కల్పించటం,విద్య రంగం అభివృద్ధి చేయటం | X18: చంద్రబాబు నాయుడు గారు | Y18: సరైన పార్టీకి వేసాను | Z18: TDP/JSP/BJP (కూటమి | AA18: TDP/JSP/BJP (కూటమి) | AB18: No response | AC18: No response | AD18: Bhagya | AE18: Not Doing It Properly | AF18: Highlighted response kept on his own | AG18: Valid | AH18: =VLOOKUP(Table1[[#This Row],[Caste]],Factor!$H$1:$K$13,4,0) -> 1.1705128 | AI18: =IFERROR(VLOOKUP(Table1[[#This Row],[Q10: మీరు 2024 అసెంబ్లీ ఎన్నికలో ఏ పార్టీ కి వోట్ వేశారు?]],Factor!$D$22:$H$23,5,0),Factor!$H$24) -> 1.0795332 | AJ18: =Table1[[#This Row],[Factor_1]]*Table1[[#This Row],[2024 Factor]] -> 0.86308903 | AK18: =VLOOKUP(Table1[[#This Row],[Q18: Gender]],Factor!$A$33:$E$35,5,0) -> 0.85034014 | AL18: =VLOOKUP(Table1[[#This Row],[Taluka]],Factor!$A$42:$G$46,7,0) -> 0.7543378 | AM18: =VLOOKUP(Table1[[#This Row],[Caste]]&Table1[[#This Row],[Q18: Gender]],Factor!$W$1:$X$23,2,0) -> 0.79950206 | AN18: =VLOOKUP(Table1[[#This Row],[Taluka]]&Table1[[#This Row],[Caste]]&Table1[[#This Row],[Q18: Gender]],Factor!$AK$4:$AL$93,2,0) -> 0.40257772 | AO18: =IF(T18="బాగుంది",-1,1) -> -1 | AP18: =IF(U18="అమలవడం లేదు",1,-1) -> 1 | AQ18: =IF(V18="జగన్ మోహన్ రెడ్డి గారు",1,-1) -> -1 | AR18: =IF(X18="జగన్ మోహన్ రెడ్డి గారు",1,-1) -> -1 | AS18: =IF(AA18="YSRCP (వైఎస్‌ఆర్‌సీపీ)",1,-1) -> -1 | AT18: =IF(Z18="YSRCP (వైఎస్‌ఆర్‌సీపీ)",1,-1) -> -1 | AU18: =AO18+AP18+AQ18+AR18+(0.5*AS18)+AT18 -> -3.5 | AV18: =SUM(Table1[[#This Row],[Satis]:[29]]) -> -4 | AW18: =AO18+AQ18+AR18+AS18+AT18 -> -5 | AX18: =AQ18+AR18+AS18+AT18 -> -4 | AY18: =IF(AND(AO18=1,AS18=1,AT18=1),3,IF(AND(AO18=-1,AS18=-1,AT18=-1),-3,IF(AND(AO18=1,AS18=-1,AT18=1),2,IF(AND(AO18=-1,AS18=1,AT18=-1),-2,IF(AND(AS18=1,AT18=1),2,IF(AND(AS18=-1,AT18=-1),-2,"ND")))))) -> -3 | AZ18: =IFERROR(IF(AV18=6,"YSRCP HardCore",IF(AV18=-6,"TDP HardCore",IF(AW18>=4,"YSRCP Sympathiser",IF(AW18<=-4,"TDP Sympathiser",IF(AX18>=3,"YSRCP Sympathiser",IF(AX18<=-3,"TDP Sympathiser",IF(AY18="ND","ND",IF(AY18>=2,"Neutral YSRCP",IF(AY18<=-2,"Neutral TDP",0))))))))),"ND") -> TDP Sympathiser
A19: 192b6912-b1c6-4dbd-adb8-4bda9ab9bdc7 | B19: 46041 | C19: 1/19/2026, 1:21:18 PM | D19: 16.532650, 81.941196 | E19: GWJQ+XX5, Botlakurru Doddavaram, Andhra Pradesh, India | F19: Kumpatla venkata satya suryamohan rao | G19: Naeem | H19: http://164.52.221.216/localmedia/media/surveys/samples/recording_2026-01-19_13-18-10_samples_d5PPQNJCVU.mp4 | I19: Padmasali/Devanga | J19: MAMIDIKUDURU_PART | K19: B.DODDAVARAM | L19: వ్యవసాయం | M19: హిందూ | N19: 41-59 | O19: vekateswarao | P19: 9676008987 | Q19: Male | R19: త్రాగునీరు | S19: బాగుంది | T19: బాగుంది | U19: అమలుఅవుతున్నాయి | V19: చంద్రబాబు నాయుడు గారు | W19: రోడ్లు వేయటం,ఉద్యొగ్య అవకాశాలు కల్పించటం,వ్యవసాయం-రైతు బాగుండడం | X19: చంద్రబాబు నాయుడు గారు | Y19: సరైన పార్టీకి వేసాను | Z19: TDP/JSP/BJP (కూటమి | AA19: TDP/JSP/BJP (కూటమి) | AB19: No response | AC19: No response | AD19: Bhagya | AE19: Not Asking Some of the Questions | AF19: 0 | AG19: Not Valid | AH19: =VLOOKUP(Table1[[#This Row],[Caste]],Factor!$H$1:$K$13,4,0) -> 2.1852575 | AI19: =IFERROR(VLOOKUP(Table1[[#This Row],[Q10: మీరు 2024 అసెంబ్లీ ఎన్నికలో ఏ పార్టీ కి వోట్ వేశారు?]],Factor!$D$22:$H$23,5,0),Factor!$H$24) -> 1.0795332 | AJ19: =Table1[[#This Row],[Factor_1]]*Table1[[#This Row],[2024 Factor]] -> 1.7037642 | AK19: =VLOOKUP(Table1[[#This Row],[Q18: Gender]],Factor!$A$33:$E$35,5,0) -> 0.85034014 | AL19: =VLOOKUP(Table1[[#This Row],[Taluka]],Factor!$A$42:$G$46,7,0) -> 0.7543378 | AM19: =VLOOKUP(Table1[[#This Row],[Caste]]&Table1[[#This Row],[Q18: Gender]],Factor!$W$1:$X$23,2,0) -> 1.5782416 | AN19: =VLOOKUP(Table1[[#This Row],[Taluka]]&Table1[[#This Row],[Caste]]&Table1[[#This Row],[Q18: Gender]],Factor!$AK$4:$AL$93,2,0) -> 0.79824853 | AO19: =IF(T19="బాగుంది",-1,1) -> -1 | AP19: =IF(U19="అమలవడం లేదు",1,-1) -> -1 | AQ19: =IF(V19="జగన్ మోహన్ రెడ్డి గారు",1,-1) -> -1 | AR19: =IF(X19="జగన్ మోహన్ రెడ్డి గారు",1,-1) -> -1 | AS19: =IF(AA19="YSRCP (వైఎస్‌ఆర్‌సీపీ)",1,-1) -> -1 | AT19: =IF(Z19="YSRCP (వైఎస్‌ఆర్‌సీపీ)",1,-1) -> -1 | AU19: =AO19+AP19+AQ19+AR19+(0.5*AS19)+AT19 -> -5.5 | AV19: =SUM(Table1[[#This Row],[Satis]:[29]]) -> -6 | AW19: =AO19+AQ19+AR19+AS19+AT19 -> -5 | AX19: =AQ19+AR19+AS19+AT19 -> -4 | AY19: =IF(AND(AO19=1,AS19=1,AT19=1),3,IF(AND(AO19=-1,AS19=-1,AT19=-1),-3,IF(AND(AO19=1,AS19=-1,AT19=1),2,IF(AND(AO19=-1,AS19=1,AT19=-1),-2,IF(AND(AS19=1,AT19=1),2,IF(AND(AS19=-1,AT19=-1),-2,"ND")))))) -> -3 | AZ19: =IFERROR(IF(AV19=6,"YSRCP HardCore",IF(AV19=-6,"TDP HardCore",IF(AW19>=4,"YSRCP Sympathiser",IF(AW19<=-4,"TDP Sympathiser",IF(AX19>=3,"YSRCP Sympathiser",IF(AX19<=-3,"TDP Sympathiser",IF(AY19="ND","ND",IF(AY19>=2,"Neutral YSRCP",IF(AY19<=-2,"Neutral TDP",0))))))))),"ND") -> TDP HardCore
A20: 5456a022-c195-4eb0-957e-22c1bc4200fe | B20: 46042 | C20: 1/20/2026, 1:11:47 PM | D20: 16.513817, 81.908492 | E20: 1-124, Pedapatnam, Andhra Pradesh, India | F20: ITABATHULA BHASKAR RAO | G20: Naeem | H20: http://164.52.221.216/localmedia/media/surveys/samples/recording_2026-01-20_13-07-18_samples_uieTLvV7Ly.mp4 | I20: Mala | J20: MAMIDIKUDURU_PART | K20: PEDAPATNAM | L20: విద్యార్థి | M20: హిందూ | N20: 18-25 | O20: eswar | P20: 9908564085 | Q20: Male | R20: రోడ్లు | S20: బాగాలేదు | T20: బాగాలేదు | U20: అమలవడం లేదు | V20: జగన్ మోహన్ రెడ్డి గారు | W20: విద్య రంగం అభివృద్ధి చేయటం | X20: జగన్ మోహన్ రెడ్డి గారు | Y20: సరైన పార్టీకి వేసాను | Z20: YSRCP (వైఎస్‌ఆర్‌సీపీ) | AA20: YSRCP (వైఎస్‌ఆర్‌సీపీ) | AB20: ఉన్నారు, వారినే కొనసాగించాలి | AC20: Gollapalli Surya Rao | AD20: Bhagya | AE20: Correctly Done | AF20: 0 | AG20: Valid | AH20: =VLOOKUP(Table1[[#This Row],[Caste]],Factor!$H$1:$K$13,4,0) -> 1.3836275 | AI20: =IFERROR(VLOOKUP(Table1[[#This Row],[Q10: మీరు 2024 అసెంబ్లీ ఎన్నికలో ఏ పార్టీ కి వోట్ వేశారు?]],Factor!$D$22:$H$23,5,0),Factor!$H$24) -> 1.8055838 | AJ20: =Table1[[#This Row],[Factor_1]]*Table1[[#This Row],[2024 Factor]] -> 1.9482662 | AK20: =VLOOKUP(Table1[[#This Row],[Q18: Gender]],Factor!$A$33:$E$35,5,0) -> 0.85034014 | AL20: =VLOOKUP(Table1[[#This Row],[Taluka]],Factor!$A$42:$G$46,7,0) -> 0.7543378 | AM20: =VLOOKUP(Table1[[#This Row],[Caste]]&Table1[[#This Row],[Q18: Gender]],Factor!$W$1:$X$23,2,0) -> 1.0790229 | AN20: =VLOOKUP(Table1[[#This Row],[Taluka]]&Table1[[#This Row],[Caste]]&Table1[[#This Row],[Q18: Gender]],Factor!$AK$4:$AL$93,2,0) -> 0.52423487 | AO20: =IF(T20="బాగుంది",-1,1) -> 1 | AP20: =IF(U20="అమలవడం లేదు",1,-1) -> 1 | AQ20: =IF(V20="జగన్ మోహన్ రెడ్డి గారు",1,-1) -> 1 | AR20: =IF(X20="జగన్ మోహన్ రెడ్డి గారు",1,-1) -> 1 | AS20: =IF(AA20="YSRCP (వైఎస్‌ఆర్‌సీపీ)",1,-1) -> 1 | AT20: =IF(Z20="YSRCP (వైఎస్‌ఆర్‌సీపీ)",1,-1) -> 1 | AU20: =AO20+AP20+AQ20+AR20+(0.5*AS20)+AT20 -> 5.5 | AV20: =SUM(Table1[[#This Row],[Satis]:[29]]) -> 6 | AW20: =AO20+AQ20+AR20+AS20+AT20 -> 5 | AX20: =AQ20+AR20+AS20+AT20 -> 4 | AY20: =IF(AND(AO20=1,AS20=1,AT20=1),3,IF(AND(AO20=-1,AS20=-1,AT20=-1),-3,IF(AND(AO20=1,AS20=-1,AT20=1),2,IF(AND(AO20=-1,AS20=1,AT20=-1),-2,IF(AND(AS20=1,AT20=1),2,IF(AND(AS20=-1,AT20=-1),-2,"ND")))))) -> 3 | AZ20: =IFERROR(IF(AV20=6,"YSRCP HardCore",IF(AV20=-6,"TDP HardCore",IF(AW20>=4,"YSRCP Sympathiser",IF(AW20<=-4,"TDP Sympathiser",IF(AX20>=3,"YSRCP Sympathiser",IF(AX20<=-3,"TDP Sympathiser",IF(AY20="ND","ND",IF(AY20>=2,"Neutral YSRCP",IF(AY20<=-2,"Neutral TDP",0))))))))),"ND") -> YSRCP HardCore
A21: 5a69e06f-ba8d-4ede-a9b2-e3f5e3df33cc | B21: 46042 | C21: 1/20/2026, 10:13:17 AM | D21: 16.545534, 81.935935 | E21: GWWM+6W, Peddapatnamlanka, Andhra Pradesh, India | F21: aithabattula venkateswararao | G21: Naeem | H21: http://164.52.221.216/localmedia/media/surveys/samples/recording_2026-01-20_10-09-51_samples_hiOZku2dgR.mp4 | I21: Kapu | J21: MAMIDIKUDURU_PART | K21: PEDAPATNAM LANKA | L21: వ్యాపారం | M21: హిందూ | N21: 26-40 | O21: ganesh | P21: 7013001857 | Q21: Male | R21: డ్రైనేజి | S21: బాగుంది | T21: బాగుంది | U21: అమలవడం లేదు | V21: చంద్రబాబు నాయుడు గారు | W21: వ్యవసాయం-రైతు బాగుండడం | X21: చంద్రబాబు నాయుడు గారు | Y21: సరైన పార్టీకి వేసాను | Z21: TDP/JSP/BJP (కూటమి | AA21: TDP/JSP/BJP (కూటమి) | AB21: No response | AC21: No response | AD21: Deepika | AE21: Not Doing It Properly | AF21: Q1,5 kept his own | AG21: Valid | AH21: =VLOOKUP(Table1[[#This Row],[Caste]],Factor!$H$1:$K$13,4,0) -> 1.1461626 | AI21: =IFERROR(VLOOKUP(Table1[[#This Row],[Q10: మీరు 2024 అసెంబ్లీ ఎన్నికలో ఏ పార్టీ కి వోట్ వేశారు?]],Factor!$D$22:$H$23,5,0),Factor!$H$24) -> 1.0795332 | AJ21: =Table1[[#This Row],[Factor_1]]*Table1[[#This Row],[2024 Factor]] -> 0.7772114 | AK21: =VLOOKUP(Table1[[#This Row],[Q18: Gender]],Factor!$A$33:$E$35,5,0) -> 0.85034014 | AL21: =VLOOKUP(Table1[[#This Row],[Taluka]],Factor!$A$42:$G$46,7,0) -> 0.7543378 | AM21: =VLOOKUP(Table1[[#This Row],[Caste]]&Table1[[#This Row],[Q18: Gender]],Factor!$W$1:$X$23,2,0) -> 0.71995135 | AN21: =VLOOKUP(Table1[[#This Row],[Taluka]]&Table1[[#This Row],[Caste]]&Table1[[#This Row],[Q18: Gender]],Factor!$AK$4:$AL$93,2,0) -> 0.55527787 | AO21: =IF(T21="బాగుంది",-1,1) -> -1 | AP21: =IF(U21="అమలవడం లేదు",1,-1) -> 1 | AQ21: =IF(V21="జగన్ మోహన్ రెడ్డి గారు",1,-1) -> -1 | AR21: =IF(X21="జగన్ మోహన్ రెడ్డి గారు",1,-1) -> -1 | AS21: =IF(AA21="YSRCP (వైఎస్‌ఆర్‌సీపీ)",1,-1) -> -1 | AT21: =IF(Z21="YSRCP (వైఎస్‌ఆర్‌సీపీ)",1,-1) -> -1 | AU21: =AO21+AP21+AQ21+AR21+(0.5*AS21)+AT21 -> -3.5 | AV21: =SUM(Table1[[#This Row],[Satis]:[29]]) -> -4 | AW21: =AO21+AQ21+AR21+AS21+AT21 -> -5 | AX21: =AQ21+AR21+AS21+AT21 -> -4 | AY21: =IF(AND(AO21=1,AS21=1,AT21=1),3,IF(AND(AO21=-1,AS21=-1,AT21=-1),-3,IF(AND(AO21=1,AS21=-1,AT21=1),2,IF(AND(AO21=-1,AS21=1,AT21=-1),-2,IF(AND(AS21=1,AT21=1),2,IF(AND(AS21=-1,AT21=-1),-2,"ND")))))) -> -3 | AZ21: =IFERROR(IF(AV21=6,"YSRCP HardCore",IF(AV21=-6,"TDP HardCore",IF(AW21>=4,"YSRCP Sympathiser",IF(AW21<=-4,"TDP Sympathiser",IF(AX21>=3,"YSRCP Sympathiser",IF(AX21<=-3,"TDP Sympathiser",IF(AY21="ND","ND",IF(AY21>=2,"Neutral YSRCP",IF(AY21<=-2,"Neutral TDP",0))))))))),"ND") -> TDP Sympathiser
A22: b5f4cb27-cb9a-4e72-9b6f-ba64446ebde0 | B22: 46042 | C22: 1/20/2026, 10:27:37 AM | D22: 16.547617, 81.934262 | E22: Dr.B, Peddapatnamlanka, Andhra Pradesh, India | F22: aithabattula venkateswararao | G22: Naeem | H22: http://164.52.221.216/localmedia/media/surveys/samples/recording_2026-01-20_10-23-36_samples_5dPyT1Xt1o.mp4 | I22: Mala | J22: MAMIDIKUDURU_PART | K22: PEDAPATNAM LANKA | L22: కార్మిక/రోజువారీ కూలీ | M22: హిందూ | N22: 60+ | O22: syam sundararao | P22: 9999999999 | Q22: Male | R22: సాగునీరు | S22: బాగుంది | T22: బాగుంది | U22: అమలుఅవుతున్నాయి | V22: చంద్రబాబు నాయుడు గారు | W22: రోడ్లు వేయటం | X22: చంద్రబాబు నాయుడు గారు | Y22: సరైన పార్టీకి వేసాను | Z22: TDP/JSP/BJP (కూటమి | AA22: TDP/JSP/BJP (కూటమి) | AB22: No response | AC22: No response | AD22: Deepika | AE22: Not Doing It Properly | AF22: Q5, 10 kept his own | AG22: Valid | AH22: =VLOOKUP(Table1[[#This Row],[Caste]],Factor!$H$1:$K$13,4,0) -> 1.3836275 | AI22: =IFERROR(VLOOKUP(Table1[[#This Row],[Q10: మీరు 2024 అసెంబ్లీ ఎన్నికలో ఏ పార్టీ కి వోట్ వేశారు?]],Factor!$D$22:$H$23,5,0),Factor!$H$24) -> 1.0795332 | AJ22: =Table1[[#This Row],[Factor_1]]*Table1[[#This Row],[2024 Factor]] -> 1.1648411 | AK22: =VLOOKUP(Table1[[#This Row],[Q18: Gender]],Factor!$A$33:$E$35,5,0) -> 0.85034014 | AL22: =VLOOKUP(Table1[[#This Row],[Taluka]],Factor!$A$42:$G$46,7,0) -> 0.7543378 | AM22: =VLOOKUP(Table1[[#This Row],[Caste]]&Table1[[#This Row],[Q18: Gender]],Factor!$W$1:$X$23,2,0) -> 1.0790229 | AN22: =VLOOKUP(Table1[[#This Row],[Taluka]]&Table1[[#This Row],[Caste]]&Table1[[#This Row],[Q18: Gender]],Factor!$AK$4:$AL$93,2,0) -> 0.52423487 | AO22: =IF(T22="బాగుంది",-1,1) -> -1 | AP22: =IF(U22="అమలవడం లేదు",1,-1) -> -1 | AQ22: =IF(V22="జగన్ మోహన్ రెడ్డి గారు",1,-1) -> -1 | AR22: =IF(X22="జగన్ మోహన్ రెడ్డి గారు",1,-1) -> -1 | AS22: =IF(AA22="YSRCP (వైఎస్‌ఆర్‌సీపీ)",1,-1) -> -1 | AT22: =IF(Z22="YSRCP (వైఎస్‌ఆర్‌సీపీ)",1,-1) -> -1 | AU22: =AO22+AP22+AQ22+AR22+(0.5*AS22)+AT22 -> -5.5 | AV22: =SUM(Table1[[#This Row],[Satis]:[29]]) -> -6 | AW22: =AO22+AQ22+AR22+AS22+AT22 -> -5 | AX22: =AQ22+AR22+AS22+AT22 -> -4 | AY22: =IF(AND(AO22=1,AS22=1,AT22=1),3,IF(AND(AO22=-1,AS22=-1,AT22=-1),-3,IF(AND(AO22=1,AS22=-1,AT22=1),2,IF(AND(AO22=-1,AS22=1,AT22=-1),-2,IF(AND(AS22=1,AT22=1),2,IF(AND(AS22=-1,AT22=-1),-2,"ND")))))) -> -3 | AZ22: =IFERROR(IF(AV22=6,"YSRCP HardCore",IF(AV22=-6,"TDP HardCore",IF(AW22>=4,"YSRCP Sympathiser",IF(AW22<=-4,"TDP Sympathiser",IF(AX22>=3,"YSRCP Sympathiser",IF(AX22<=-3,"TDP Sympathiser",IF(AY22="ND","ND",IF(AY22>=2,"Neutral YSRCP",IF(AY22<=-2,"Neutral TDP",0))))))))),"ND") -> TDP HardCore
A23: 8e87f86a-4459-4381-93bf-4137d7cd9bd8 | B23: 46042 | C23: 1/20/2026, 1:30:50 PM | D23: 16.513220, 81.907783 | E23: Nagaram - Pedapatnam Rd, Pedapatnam, Andhra Pradesh, India | F23: ITABATHULA BHASKAR RAO | G23: Naeem | H23: http://164.52.221.216/localmedia/media/surveys/samples/recording_2026-01-20_13-24-41_samples_Gl15vZGwoS.mp4 | I23: Mala | J23: MAMIDIKUDURU_PART | K23: PEDAPATNAM | L23: వ్యాపారం | M23: హిందూ | N23: 26-40 | O23: srinivasarao | P23: 7995225630 | Q23: Male | R23: డ్రైనేజి | S23: బాగుంది | T23: బాగుంది | U23: అమలుఅవుతున్నాయి | V23: జగన్ మోహన్ రెడ్డి గారు | W23: ఉద్యొగ్య అవకాశాలు కల్పించటం | X23: జగన్ మోహన్ రెడ్డి గారు | Y23: సరైన పార్టీకి వేసాను | Z23: YSRCP (వైఎస్‌ఆర్‌సీపీ) | AA23: YSRCP (వైఎస్‌ఆర్‌సీపీ) | AB23: లేరు, వారిని మార్చాలి | AC23: Gollapalli Sridhar | AD23: Bhagya | AE23: Correctly Done | AF23: 0 | AG23: Valid | AH23: =VLOOKUP(Table1[[#This Row],[Caste]],Factor!$H$1:$K$13,4,0) -> 1.3836275 | AI23: =IFERROR(VLOOKUP(Table1[[#This Row],[Q10: మీరు 2024 అసెంబ్లీ ఎన్నికలో ఏ పార్టీ కి వోట్ వేశారు?]],Factor!$D$22:$H$23,5,0),Factor!$H$24) -> 1.8055838 | AJ23: =Table1[[#This Row],[Factor_1]]*Table1[[#This Row],[2024 Factor]] -> 1.9482662 | AK23: =VLOOKUP(Table1[[#This Row],[Q18: Gender]],Factor!$A$33:$E$35,5,0) -> 0.85034014 | AL23: =VLOOKUP(Table1[[#This Row],[Taluka]],Factor!$A$42:$G$46,7,0) -> 0.7543378 | AM23: =VLOOKUP(Table1[[#This Row],[Caste]]&Table1[[#This Row],[Q18: Gender]],Factor!$W$1:$X$23,2,0) -> 1.0790229 | AN23: =VLOOKUP(Table1[[#This Row],[Taluka]]&Table1[[#This Row],[Caste]]&Table1[[#This Row],[Q18: Gender]],Factor!$AK$4:$AL$93,2,0) -> 0.52423487 | AO23: =IF(T23="బాగుంది",-1,1) -> -1 | AP23: =IF(U23="అమలవడం లేదు",1,-1) -> -1 | AQ23: =IF(V23="జగన్ మోహన్ రెడ్డి గారు",1,-1) -> 1 | AR23: =IF(X23="జగన్ మోహన్ రెడ్డి గారు",1,-1) -> 1 | AS23: =IF(AA23="YSRCP (వైఎస్‌ఆర్‌సీపీ)",1,-1) -> 1 | AT23: =IF(Z23="YSRCP (వైఎస్‌ఆర్‌సీపీ)",1,-1) -> 1 | AU23: =AO23+AP23+AQ23+AR23+(0.5*AS23)+AT23 -> 1.5 | AV23: =SUM(Table1[[#This Row],[Satis]:[29]]) -> 2 | AW23: =AO23+AQ23+AR23+AS23+AT23 -> 3 | AX23: =AQ23+AR23+AS23+AT23 -> 4 | AY23: =IF(AND(AO23=1,AS23=1,AT23=1),3,IF(AND(AO23=-1,AS23=-1,AT23=-1),-3,IF(AND(AO23=1,AS23=-1,AT23=1),2,IF(AND(AO23=-1,AS23=1,AT23=-1),-2,IF(AND(AS23=1,AT23=1),2,IF(AND(AS23=-1,AT23=-1),-2,"ND")))))) -> 2 | AZ23: =IFERROR(IF(AV23=6,"YSRCP HardCore",IF(AV23=-6,"TDP HardCore",IF(AW23>=4,"YSRCP Sympathiser",IF(AW23<=-4,"TDP Sympathiser",IF(AX23>=3,"YSRCP Sympathiser",IF(AX23<=-3,"TDP Sympathiser",IF(AY23="ND","ND",IF(AY23>=2,"Neutral YSRCP",IF(AY23<=-2,"Neutral TDP",0))))))))),"ND") -> YSRCP Sympathiser
A24: e281232b-78a2-4f8d-b43c-b9eb0d86cf31 | B24: 46042 | C24: 1/20/2026, 10:39:55 AM | D24: 16.546636, 81.935484 | E24: GWWM+CWG, Peddapatnamlanka, Andhra Pradesh, India | F24: aithabattula venkateswararao | G24: Naeem | H24: http://164.52.221.216/localmedia/media/surveys/samples/recording_2026-01-20_10-36-04_samples_6BkyM3Rsfk.mp4 | I24: Kapu | J24: MAMIDIKUDURU_PART | K24: PEDAPATNAM LANKA | L24: వ్యవసాయం | M24: హిందూ | N24: 41-59 | O24: satyanarayana murthy | P24: 8008124711 | Q24: Male | R24: త్రాగునీరు | S24: బాగుంది | T24: బాగుంది | U24: అమలవడం లేదు | V24: చంద్రబాబు నాయుడు గారు | W24: రోడ్లు వేయటం | X24: చంద్రబాబు నాయుడు గారు | Y24: సరైన పార్టీకి వేసాను | Z24: TDP/JSP/BJP (కూటమి | AA24: TDP/JSP/BJP (కూటమి) | AB24: No response | AC24: No response | AD24: Deepika | AE24: Correctly Done | AF24: 0 | AG24: Valid | AH24: =VLOOKUP(Table1[[#This Row],[Caste]],Factor!$H$1:$K$13,4,0) -> 1.1461626 | AI24: =IFERROR(VLOOKUP(Table1[[#This Row],[Q10: మీరు 2024 అసెంబ్లీ ఎన్నికలో ఏ పార్టీ కి వోట్ వేశారు?]],Factor!$D$22:$H$23,5,0),Factor!$H$24) -> 1.0795332 | AJ24: =Table1[[#This Row],[Factor_1]]*Table1[[#This Row],[2024 Factor]] -> 0.7772114 | AK24: =VLOOKUP(Table1[[#This Row],[Q18: Gender]],Factor!$A$33:$E$35,5,0) -> 0.85034014 | AL24: =VLOOKUP(Table1[[#This Row],[Taluka]],Factor!$A$42:$G$46,7,0) -> 0.7543378 | AM24: =VLOOKUP(Table1[[#This Row],[Caste]]&Table1[[#This Row],[Q18: Gender]],Factor!$W$1:$X$23,2,0) -> 0.71995135 | AN24: =VLOOKUP(Table1[[#This Row],[Taluka]]&Table1[[#This Row],[Caste]]&Table1[[#This Row],[Q18: Gender]],Factor!$AK$4:$AL$93,2,0) -> 0.55527787 | AO24: =IF(T24="బాగుంది",-1,1) -> -1 | AP24: =IF(U24="అమలవడం లేదు",1,-1) -> 1 | AQ24: =IF(V24="జగన్ మోహన్ రెడ్డి గారు",1,-1) -> -1 | AR24: =IF(X24="జగన్ మోహన్ రెడ్డి గారు",1,-1) -> -1 | AS24: =IF(AA24="YSRCP (వైఎస్‌ఆర్‌సీపీ)",1,-1) -> -1 | AT24: =IF(Z24="YSRCP (వైఎస్‌ఆర్‌సీపీ)",1,-1) -> -1 | AU24: =AO24+AP24+AQ24+AR24+(0.5*AS24)+AT24 -> -3.5 | AV24: =SUM(Table1[[#This Row],[Satis]:[29]]) -> -4 | AW24: =AO24+AQ24+AR24+AS24+AT24 -> -5 | AX24: =AQ24+AR24+AS24+AT24 -> -4 | AY24: =IF(AND(AO24=1,AS24=1,AT24=1),3,IF(AND(AO24=-1,AS24=-1,AT24=-1),-3,IF(AND(AO24=1,AS24=-1,AT24=1),2,IF(AND(AO24=-1,AS24=1,AT24=-1),-2,IF(AND(AS24=1,AT24=1),2,IF(AND(AS24=-1,AT24=-1),-2,"ND")))))) -> -3 | AZ24: =IFERROR(IF(AV24=6,"YSRCP HardCore",IF(AV24=-6,"TDP HardCore",IF(AW24>=4,"YSRCP Sympathiser",IF(AW24<=-4,"TDP Sympathiser",IF(AX24>=3,"YSRCP Sympathiser",IF(AX24<=-3,"TDP Sympathiser",IF(AY24="ND","ND",IF(AY24>=2,"Neutral YSRCP",IF(AY24<=-2,"Neutral TDP",0))))))))),"ND") -> TDP Sympathiser
A25: 93043258-eaf1-4ac2-97fb-0bb72e79e4f7 | B25: 46042 | C25: 1/20/2026, 10:45:43 AM | D25: 16.547626, 81.934576 | E25: GWWM+XJP, Peddapatnamlanka, Andhra Pradesh, India | F25: aithabattula venkateswararao | G25: Naeem | H25: http://164.52.221.216/localmedia/media/surveys/samples/recording_2026-01-20_10-42-01_samples_jDEMjwRm93.mp4 | I25: Kapu | J25: MAMIDIKUDURU_PART | K25: PEDAPATNAM LANKA | L25: వ్యవసాయం | M25: హిందూ | N25: 60+ | O25: pallayya | P25: 9999999999 | Q25: Male | R25: సాగునీరు | S25: ఏమి చెప్పలేను | T25: బాగుంది | U25: అమలుఅవుతున్నాయి | V25: చంద్రబాబు నాయుడు గారు | W25: రోడ్లు వేయటం | X25: చంద్రబాబు నాయుడు గారు | Y25: సరైన పార్టీకి వేసాను | Z25: TDP/JSP/BJP (కూటమి | AA25: TDP/JSP/BJP (కూటమి) | AB25: No response | AC25: No response | AD25: Deepika | AE25: Correctly Done | AF25: 0 | AG25: Valid | AH25: =VLOOKUP(Table1[[#This Row],[Caste]],Factor!$H$1:$K$13,4,0) -> 1.1461626 | AI25: =IFERROR(VLOOKUP(Table1[[#This Row],[Q10: మీరు 2024 అసెంబ్లీ ఎన్నికలో ఏ పార్టీ కి వోట్ వేశారు?]],Factor!$D$22:$H$23,5,0),Factor!$H$24) -> 1.0795332 | AJ25: =Table1[[#This Row],[Factor_1]]*Table1[[#This Row],[2024 Factor]] -> 0.7772114 | AK25: =VLOOKUP(Table1[[#This Row],[Q18: Gender]],Factor!$A$33:$E$35,5,0) -> 0.85034014 | AL25: =VLOOKUP(Table1[[#This Row],[Taluka]],Factor!$A$42:$G$46,7,0) -> 0.7543378 | AM25: =VLOOKUP(Table1[[#This Row],[Caste]]&Table1[[#This Row],[Q18: Gender]],Factor!$W$1:$X$23,2,0) -> 0.71995135 | AN25: =VLOOKUP(Table1[[#This Row],[Taluka]]&Table1[[#This Row],[Caste]]&Table1[[#This Row],[Q18: Gender]],Factor!$AK$4:$AL$93,2,0) -> 0.55527787 | AO25: =IF(T25="బాగుంది",-1,1) -> -1 | AP25: =IF(U25="అమలవడం లేదు",1,-1) -> -1 | AQ25: =IF(V25="జగన్ మోహన్ రెడ్డి గారు",1,-1) -> -1 | AR25: =IF(X25="జగన్ మోహన్ రెడ్డి గారు",1,-1) -> -1 | AS25: =IF(AA25="YSRCP (వైఎస్‌ఆర్‌సీపీ)",1,-1) -> -1 | AT25: =IF(Z25="YSRCP (వైఎస్‌ఆర్‌సీపీ)",1,-1) -> -1 | AU25: =AO25+AP25+AQ25+AR25+(0.5*AS25)+AT25 -> -5.5 | AV25: =SUM(Table1[[#This Row],[Satis]:[29]]) -> -6 | AW25: =AO25+AQ25+AR25+AS25+AT25 -> -5 | AX25: =AQ25+AR25+AS25+AT25 -> -4 | AY25: =IF(AND(AO25=1,AS25=1,AT25=1),3,IF(AND(AO25=-1,AS25=-1,AT25=-1),-3,IF(AND(AO25=1,AS25=-1,AT25=1),2,IF(AND(AO25=-1,AS25=1,AT25=-1),-2,IF(AND(AS25=1,AT25=1),2,IF(AND(AS25=-1,AT25=-1),-2,"ND")))))) -> -3 | AZ25: =IFERROR(IF(AV25=6,"YSRCP HardCore",IF(AV25=-6,"TDP HardCore",IF(AW25>=4,"YSRCP Sympathiser",IF(AW25<=-4,"TDP Sympathiser",IF(AX25>=3,"YSRCP Sympathiser",IF(AX25<=-3,"TDP Sympathiser",IF(AY25="ND","ND",IF(AY25>=2,"Neutral YSRCP",IF(AY25<=-2,"Neutral TDP",0))))))))),"ND") -> TDP HardCore
A26: b630465d-b7ae-40ce-8fbb-2d75dff18367 | B26: 46042 | C26: 1/20/2026, 10:45:43 AM | D26: 16.547626, 81.934576 | E26: GWWM+XJP, Peddapatnamlanka, Andhra Pradesh, India | F26: aithabattula venkateswararao | G26: Naeem | H26: http://164.52.221.216/localmedia/media/surveys/samples/recording_2026-01-20_10-42-01_samples_AsCuaJ6DR5.mp4 | I26: Kapu | J26: MAMIDIKUDURU_PART | K26: PEDAPATNAM LANKA | L26: వ్యవసాయం | M26: హిందూ | N26: 60+ | O26: pallayya | P26: 9999999999 | Q26: Male | R26: సాగునీరు | S26: ఏమి చెప్పలేను | T26: బాగుంది | U26: అమలుఅవుతున్నాయి | V26: చంద్రబాబు నాయుడు గారు | W26: రోడ్లు వేయటం | X26: చంద్రబాబు నాయుడు గారు | Y26: సరైన పార్టీకి వేసాను | Z26: TDP/JSP/BJP (కూటమి | AA26: TDP/JSP/BJP (కూటమి) | AB26: No response | AC26: No response | AD26: Deepika | AE26: Correctly Done | AF26: 0 | AG26: Valid | AH26: =VLOOKUP(Table1[[#This Row],[Caste]],Factor!$H$1:$K$13,4,0) -> 1.1461626 | AI26: =IFERROR(VLOOKUP(Table1[[#This Row],[Q10: మీరు 2024 అసెంబ్లీ ఎన్నికలో ఏ పార్టీ కి వోట్ వేశారు?]],Factor!$D$22:$H$23,5,0),Factor!$H$24) -> 1.0795332 | AJ26: =Table1[[#This Row],[Factor_1]]*Table1[[#This Row],[2024 Factor]] -> 0.7772114 | AK26: =VLOOKUP(Table1[[#This Row],[Q18: Gender]],Factor!$A$33:$E$35,5,0) -> 0.85034014 | AL26: =VLOOKUP(Table1[[#This Row],[Taluka]],Factor!$A$42:$G$46,7,0) -> 0.7543378 | AM26: =VLOOKUP(Table1[[#This Row],[Caste]]&Table1[[#This Row],[Q18: Gender]],Factor!$W$1:$X$23,2,0) -> 0.71995135 | AN26: =VLOOKUP(Table1[[#This Row],[Taluka]]&Table1[[#This Row],[Caste]]&Table1[[#This Row],[Q18: Gender]],Factor!$AK$4:$AL$93,2,0) -> 0.55527787 | AO26: =IF(T26="బాగుంది",-1,1) -> -1 | AP26: =IF(U26="అమలవడం లేదు",1,-1) -> -1 | AQ26: =IF(V26="జగన్ మోహన్ రెడ్డి గారు",1,-1) -> -1 | AR26: =IF(X26="జగన్ మోహన్ రెడ్డి గారు",1,-1) -> -1 | AS26: =IF(AA26="YSRCP (వైఎస్‌ఆర్‌సీపీ)",1,-1) -> -1 | AT26: =IF(Z26="YSRCP (వైఎస్‌ఆర్‌సీపీ)",1,-1) -> -1 | AU26: =AO26+AP26+AQ26+AR26+(0.5*AS26)+AT26 -> -5.5 | AV26: =SUM(Table1[[#This Row],[Satis]:[29]]) -> -6 | AW26: =AO26+AQ26+AR26+AS26+AT26 -> -5 | AX26: =AQ26+AR26+AS26+AT26 -> -4 | AY26: =IF(AND(AO26=1,AS26=1,AT26=1),3,IF(AND(AO26=-1,AS26=-1,AT26=-1),-3,IF(AND(AO26=1,AS26=-1,AT26=1),2,IF(AND(AO26=-1,AS26=1,AT26=-1),-2,IF(AND(AS26=1,AT26=1),2,IF(AND(AS26=-1,AT26=-1),-2,"ND")))))) -> -3 | AZ26: =IFERROR(IF(AV26=6,"YSRCP HardCore",IF(AV26=-6,"TDP HardCore",IF(AW26>=4,"YSRCP Sympathiser",IF(AW26<=-4,"TDP Sympathiser",IF(AX26>=3,"YSRCP Sympathiser",IF(AX26<=-3,"TDP Sympathiser",IF(AY26="ND","ND",IF(AY26>=2,"Neutral YSRCP",IF(AY26<=-2,"Neutral TDP",0))))))))),"ND") -> TDP HardCore
A27: 0561ca16-5035-484e-8ce1-5c1f2c40789d | B27: 46042 | C27: 1/20/2026, 10:46:42 AM | D27: 16.547626, 81.934576 | E27: GWWM+XJP, Peddapatnamlanka, Andhra Pradesh, India | F27: aithabattula venkateswararao | G27: Naeem | H27: http://164.52.221.216/localmedia/media/surveys/samples/recording_2026-01-20_10-42-01_samples_3Fjhoozkiy.mp4 | I27: Kapu | J27: MAMIDIKUDURU_PART | K27: PEDAPATNAM LANKA | L27: వ్యవసాయం | M27: హిందూ | N27: 60+ | O27: pallayya | P27: 9999999999 | Q27: Male | R27: సాగునీరు | S27: ఏమి చెప్పలేను | T27: బాగుంది | U27: అమలుఅవుతున్నాయి | V27: చంద్రబాబు నాయుడు గారు | W27: రోడ్లు వేయటం | X27: చంద్రబాబు నాయుడు గారు | Y27: సరైన పార్టీకి వేసాను | Z27: TDP/JSP/BJP (కూటమి | AA27: TDP/JSP/BJP (కూటమి) | AB27: No response | AC27: No response | AD27: Deepika | AE27: Correctly Done | AF27: 0 | AG27: Valid | AH27: =VLOOKUP(Table1[[#This Row],[Caste]],Factor!$H$1:$K$13,4,0) -> 1.1461626 | AI27: =IFERROR(VLOOKUP(Table1[[#This Row],[Q10: మీరు 2024 అసెంబ్లీ ఎన్నికలో ఏ పార్టీ కి వోట్ వేశారు?]],Factor!$D$22:$H$23,5,0),Factor!$H$24) -> 1.0795332 | AJ27: =Table1[[#This Row],[Factor_1]]*Table1[[#This Row],[2024 Factor]] -> 0.7772114 | AK27: =VLOOKUP(Table1[[#This Row],[Q18: Gender]],Factor!$A$33:$E$35,5,0) -> 0.85034014 | AL27: =VLOOKUP(Table1[[#This Row],[Taluka]],Factor!$A$42:$G$46,7,0) -> 0.7543378 | AM27: =VLOOKUP(Table1[[#This Row],[Caste]]&Table1[[#This Row],[Q18: Gender]],Factor!$W$1:$X$23,2,0) -> 0.71995135 | AN27: =VLOOKUP(Table1[[#This Row],[Taluka]]&Table1[[#This Row],[Caste]]&Table1[[#This Row],[Q18: Gender]],Factor!$AK$4:$AL$93,2,0) -> 0.55527787 | AO27: =IF(T27="బాగుంది",-1,1) -> -1 | AP27: =IF(U27="అమలవడం లేదు",1,-1) -> -1 | AQ27: =IF(V27="జగన్ మోహన్ రెడ్డి గారు",1,-1) -> -1 | AR27: =IF(X27="జగన్ మోహన్ రెడ్డి గారు",1,-1) -> -1 | AS27: =IF(AA27="YSRCP (వైఎస్‌ఆర్‌సీపీ)",1,-1) -> -1 | AT27: =IF(Z27="YSRCP (వైఎస్‌ఆర్‌సీపీ)",1,-1) -> -1 | AU27: =AO27+AP27+AQ27+AR27+(0.5*AS27)+AT27 -> -5.5 | AV27: =SUM(Table1[[#This Row],[Satis]:[29]]) -> -6 | AW27: =AO27+AQ27+AR27+AS27+AT27 -> -5 | AX27: =AQ27+AR27+AS27+AT27 -> -4 | AY27: =IF(AND(AO27=1,AS27=1,AT27=1),3,IF(AND(AO27=-1,AS27=-1,AT27=-1),-3,IF(AND(AO27=1,AS27=-1,AT27=1),2,IF(AND(AO27=-1,AS27=1,AT27=-1),-2,IF(AND(AS27=1,AT27=1),2,IF(AND(AS27=-1,AT27=-1),-2,"ND")))))) -> -3 | AZ27: =IFERROR(IF(AV27=6,"YSRCP HardCore",IF(AV27=-6,"TDP HardCore",IF(AW27>=4,"YSRCP Sympathiser",IF(AW27<=-4,"TDP Sympathiser",IF(AX27>=3,"YSRCP Sympathiser",IF(AX27<=-3,"TDP Sympathiser",IF(AY27="ND","ND",IF(AY27>=2,"Neutral YSRCP",IF(AY27<=-2,"Neutral TDP",0))))))))),"ND") -> TDP HardCore
A28: b832fdcd-a0c3-4d14-8f98-bfa4032c70b7 | B28: 46042 | C28: 1/20/2026, 10:52:19 AM | D28: 16.549427, 81.932526 | E28: GWXM+Q3, Peddapatnamlanka, Andhra Pradesh, India | F28: aithabattula venkateswararao | G28: Naeem | H28: http://164.52.221.216/localmedia/media/surveys/samples/recording_2026-01-20_10-49-37_samples_armGxonaCc.mp4 | I28: Kapu | J28: MAMIDIKUDURU_PART | K28: PEDAPATNAM LANKA | L28: వ్యాపారం | M28: హిందూ | N28: 26-40 | O28: durgarao | P28: 9502376891 | Q28: Male | R28: రోడ్లు | S28: బాగుంది | T28: బాగుంది | U28: అమలుఅవుతున్నాయి | V28: చంద్రబాబు నాయుడు గారు | W28: ఉద్యొగ్య అవకాశాలు కల్పించటం,విద్య రంగం అభివృద్ధి చేయటం | X28: చంద్రబాబు నాయుడు గారు | Y28: సరైన పార్టీకి వేసాను | Z28: TDP/JSP/BJP (కూటమి | AA28: TDP/JSP/BJP (కూటమి) | AB28: No response | AC28: No response | AD28: Deepika | AE28: Correctly Done | AF28: 0 | AG28: Valid | AH28: =VLOOKUP(Table1[[#This Row],[Caste]],Factor!$H$1:$K$13,4,0) -> 1.1461626 | AI28: =IFERROR(VLOOKUP(Table1[[#This Row],[Q10: మీరు 2024 అసెంబ్లీ ఎన్నికలో ఏ పార్టీ కి వోట్ వేశారు?]],Factor!$D$22:$H$23,5,0),Factor!$H$24) -> 1.0795332 | AJ28: =Table1[[#This Row],[Factor_1]]*Table1[[#This Row],[2024 Factor]] -> 0.7772114 | AK28: =VLOOKUP(Table1[[#This Row],[Q18: Gender]],Factor!$A$33:$E$35,5,0) -> 0.85034014 | AL28: =VLOOKUP(Table1[[#This Row],[Taluka]],Factor!$A$42:$G$46,7,0) -> 0.7543378 | AM28: =VLOOKUP(Table1[[#This Row],[Caste]]&Table1[[#This Row],[Q18: Gender]],Factor!$W$1:$X$23,2,0) -> 0.71995135 | AN28: =VLOOKUP(Table1[[#This Row],[Taluka]]&Table1[[#This Row],[Caste]]&Table1[[#This Row],[Q18: Gender]],Factor!$AK$4:$AL$93,2,0) -> 0.55527787 | AO28: =IF(T28="బాగుంది",-1,1) -> -1 | AP28: =IF(U28="అమలవడం లేదు",1,-1) -> -1 | AQ28: =IF(V28="జగన్ మోహన్ రెడ్డి గారు",1,-1) -> -1 | AR28: =IF(X28="జగన్ మోహన్ రెడ్డి గారు",1,-1) -> -1 | AS28: =IF(AA28="YSRCP (వైఎస్‌ఆర్‌సీపీ)",1,-1) -> -1 | AT28: =IF(Z28="YSRCP (వైఎస్‌ఆర్‌సీపీ)",1,-1) -> -1 | AU28: =AO28+AP28+AQ28+AR28+(0.5*AS28)+AT28 -> -5.5 | AV28: =SUM(Table1[[#This Row],[Satis]:[29]]) -> -6 | AW28: =AO28+AQ28+AR28+AS28+AT28 -> -5 | AX28: =AQ28+AR28+AS28+AT28 -> -4 | AY28: =IF(AND(AO28=1,AS28=1,AT28=1),3,IF(AND(AO28=-1,AS28=-1,AT28=-1),-3,IF(AND(AO28=1,AS28=-1,AT28=1),2,IF(AND(AO28=-1,AS28=1,AT28=-1),-2,IF(AND(AS28=1,AT28=1),2,IF(AND(AS28=-1,AT28=-1),-2,"ND")))))) -> -3 | AZ28: =IFERROR(IF(AV28=6,"YSRCP HardCore",IF(AV28=-6,"TDP HardCore",IF(AW28>=4,"YSRCP Sympathiser",IF(AW28<=-4,"TDP Sympathiser",IF(AX28>=3,"YSRCP Sympathiser",IF(AX28<=-3,"TDP Sympathiser",IF(AY28="ND","ND",IF(AY28>=2,"Neutral YSRCP",IF(AY28<=-2,"Neutral TDP",0))))))))),"ND") -> TDP HardCore
A29: db5aa4ca-48bf-4ee9-b720-795963fe7487 | B29: 46042 | C29: 1/20/2026, 10:59:27 AM | D29: 16.549938, 81.931575 | E29: HW2J+2PM 3-165, Peddapatnamlanka, Andhra Pradesh, India | F29: aithabattula venkateswararao | G29: Naeem | H29: http://164.52.221.216/localmedia/media/surveys/samples/recording_2026-01-20_10-54-19_samples_9yvE6eGzYR.mp4 | I29: Kapu | J29: MAMIDIKUDURU_PART | K29: PEDAPATNAM LANKA | L29: కార్మిక/రోజువారీ కూలీ | M29: హిందూ | N29: 26-40 | O29: raja | P29: 6304710549 | Q29: Male | R29: త్రాగునీరు | S29: బాగుంది | T29: బాగుంది | U29: అమలుఅవుతున్నాయి | V29: జగన్ మోహన్ రెడ్డి గారు | W29: విద్య రంగం అభివృద్ధి చేయటం,ఆరోగ్య రంగం అభివృద్ధి చేయటం,సంక్షేమ పథకాలు (నగదు) | X29: జగన్ మోహన్ రెడ్డి గారు | Y29: సరైన పార్టీకి వేసాను | Z29: TDP/JSP/BJP (కూటమి | AA29: TDP/JSP/BJP (కూటమి) | AB29: No response | AC29: No response | AD29: Deepika | AE29: Correctly Done | AF29: 0 | AG29: Valid | AH29: =VLOOKUP(Table1[[#This Row],[Caste]],Factor!$H$1:$K$13,4,0) -> 1.1461626 | AI29: =IFERROR(VLOOKUP(Table1[[#This Row],[Q10: మీరు 2024 అసెంబ్లీ ఎన్నికలో ఏ పార్టీ కి వోట్ వేశారు?]],Factor!$D$22:$H$23,5,0),Factor!$H$24) -> 1.0795332 | AJ29: =Table1[[#This Row],[Factor_1]]*Table1[[#This Row],[2024 Factor]] -> 0.7772114 | AK29: =VLOOKUP(Table1[[#This Row],[Q18: Gender]],Factor!$A$33:$E$35,5,0) -> 0.85034014 | AL29: =VLOOKUP(Table1[[#This Row],[Taluka]],Factor!$A$42:$G$46,7,0) -> 0.7543378 | AM29: =VLOOKUP(Table1[[#This Row],[Caste]]&Table1[[#This Row],[Q18: Gender]],Factor!$W$1:$X$23,2,0) -> 0.71995135 | AN29: =VLOOKUP(Table1[[#This Row],[Taluka]]&Table1[[#This Row],[Caste]]&Table1[[#This Row],[Q18: Gender]],Factor!$AK$4:$AL$93,2,0) -> 0.55527787 | AO29: =IF(T29="బాగుంది",-1,1) -> -1 | AP29: =IF(U29="అమలవడం లేదు",1,-1) -> -1 | AQ29: =IF(V29="జగన్ మోహన్ రెడ్డి గారు",1,-1) -> 1 | AR29: =IF(X29="జగన్ మోహన్ రెడ్డి గారు",1,-1) -> 1 | AS29: =IF(AA29="YSRCP (వైఎస్‌ఆర్‌సీపీ)",1,-1) -> -1 | AT29: =IF(Z29="YSRCP (వైఎస్‌ఆర్‌సీపీ)",1,-1) -> -1 | AU29: =AO29+AP29+AQ29+AR29+(0.5*AS29)+AT29 -> -1.5 | AV29: =SUM(Table1[[#This Row],[Satis]:[29]]) -> -2 | AW29: =AO29+AQ29+AR29+AS29+AT29 -> -1 | AX29: =AQ29+AR29+AS29+AT29 -> 0 | AY29: =IF(AND(AO29=1,AS29=1,AT29=1),3,IF(AND(AO29=-1,AS29=-1,AT29=-1),-3,IF(AND(AO29=1,AS29=-1,AT29=1),2,IF(AND(AO29=-1,AS29=1,AT29=-1),-2,IF(AND(AS29=1,AT29=1),2,IF(AND(AS29=-1,AT29=-1),-2,"ND")))))) -> -3 | AZ29: =IFERROR(IF(AV29=6,"YSRCP HardCore",IF(AV29=-6,"TDP HardCore",IF(AW29>=4,"YSRCP Sympathiser",IF(AW29<=-4,"TDP Sympathiser",IF(AX29>=3,"YSRCP Sympathiser",IF(AX29<=-3,"TDP Sympathiser",IF(AY29="ND","ND",IF(AY29>=2,"Neutral YSRCP",IF(AY29<=-2,"Neutral TDP",0))))))))),"ND") -> Neutral TDP
A30: 669c0eb7-7c72-424e-a168-e467e5b78507 | B30: 46042 | C30: 1/20/2026, 11:16:56 AM | D30: 16.550840, 81.926567 | E30: HW2G+CC6, Peddapatnamlanka, Andhra Pradesh, India | F30: aithabattula venkateswararao | G30: Naeem | H30: http://164.52.221.216/localmedia/media/surveys/samples/recording_2026-01-20_11-14-10_samples_fRMNYJVHWW.mp4 | I30: Kapu | J30: MAMIDIKUDURU_PART | K30: PEDAPATNAM LANKA | L30: వ్యవసాయం | M30: హిందూ | N30: 41-59 | O30: manikyalarao | P30: 9640565777 | Q30: Male | R30: రోడ్లు | S30: బాగుంది | T30: బాగుంది | U30: అమలుఅవుతున్నాయి | V30: చంద్రబాబు నాయుడు గారు | W30: రోడ్లు వేయటం | X30: చంద్రబాబు నాయుడు గారు | Y30: సరైన పార్టీకి వేసాను | Z30: TDP/JSP/BJP (కూటమి | AA30: TDP/JSP/BJP (కూటమి) | AB30: No response | AC30: No response | AD30: Deepika | AE30: Correctly Done | AF30: 0 | AG30: Valid | AH30: =VLOOKUP(Table1[[#This Row],[Caste]],Factor!$H$1:$K$13,4,0) -> 1.1461626 | AI30: =IFERROR(VLOOKUP(Table1[[#This Row],[Q10: మీరు 2024 అసెంబ్లీ ఎన్నికలో ఏ పార్టీ కి వోట్ వేశారు?]],Factor!$D$22:$H$23,5,0),Factor!$H$24) -> 1.0795332 | AJ30: =Table1[[#This Row],[Factor_1]]*Table1[[#This Row],[2024 Factor]] -> 0.7772114 | AK30: =VLOOKUP(Table1[[#This Row],[Q18: Gender]],Factor!$A$33:$E$35,5,0) -> 0.85034014 | AL30: =VLOOKUP(Table1[[#This Row],[Taluka]],Factor!$A$42:$G$46,7,0) -> 0.7543378 | AM30: =VLOOKUP(Table1[[#This Row],[Caste]]&Table1[[#This Row],[Q18: Gender]],Factor!$W$1:$X$23,2,0) -> 0.71995135 | AN30: =VLOOKUP(Table1[[#This Row],[Taluka]]&Table1[[#This Row],[Caste]]&Table1[[#This Row],[Q18: Gender]],Factor!$AK$4:$AL$93,2,0) -> 0.55527787 | AO30: =IF(T30="బాగుంది",-1,1) -> -1 | AP30: =IF(U30="అమలవడం లేదు",1,-1) -> -1 | AQ30: =IF(V30="జగన్ మోహన్ రెడ్డి గారు",1,-1) -> -1 | AR30: =IF(X30="జగన్ మోహన్ రెడ్డి గారు",1,-1) -> -1 | AS30: =IF(AA30="YSRCP (వైఎస్‌ఆర్‌సీపీ)",1,-1) -> -1 | AT30: =IF(Z30="YSRCP (వైఎస్‌ఆర్‌సీపీ)",1,-1) -> -1 | AU30: =AO30+AP30+AQ30+AR30+(0.5*AS30)+AT30 -> -5.5 | AV30: =SUM(Table1[[#This Row],[Satis]:[29]]) -> -6 | AW30: =AO30+AQ30+AR30+AS30+AT30 -> -5 | AX30: =AQ30+AR30+AS30+AT30 -> -4 | AY30: =IF(AND(AO30=1,AS30=1,AT30=1),3,IF(AND(AO30=-1,AS30=-1,AT30=-1),-3,IF(AND(AO30=1,AS30=-1,AT30=1),2,IF(AND(AO30=-1,AS30=1,AT30=-1),-2,IF(AND(AS30=1,AT30=1),2,IF(AND(AS30=-1,AT30=-1),-2,"ND")))))) -> -3 | AZ30: =IFERROR(IF(AV30=6,"YSRCP HardCore",IF(AV30=-6,"TDP HardCore",IF(AW30>=4,"YSRCP Sympathiser",IF(AW30<=-4,"TDP Sympathiser",IF(AX30>=3,"YSRCP Sympathiser",IF(AX30<=-3,"TDP Sympathiser",IF(AY30="ND","ND",IF(AY30>=2,"Neutral YSRCP",IF(AY30<=-2,"Neutral TDP",0))))))))),"ND") -> TDP HardCore
A31: cbd14de6-00b5-41fd-a09e-aa4f44682b13 | B31: 46042 | C31: 1/20/2026, 11:27:32 AM | D31: 16.549437, 81.922470 | E31: GWXC+MQW, Peddapatnamlanka, Andhra Pradesh, India | F31: aithabattula venkateswararao | G31: Naeem | H31: http://164.52.221.216/localmedia/media/surveys/samples/recording_2026-01-20_11-23-42_samples_n4VqC5lS38.mp4 | I31: Kapu | J31: MAMIDIKUDURU_PART | K31: PEDAPATNAM LANKA | L31: వ్యాపారం | M31: హిందూ | N31: 60+ | O31: k. venkateswararao | P31: 9999999999 | Q31: Male | R31: కరెంట్ | S31: బాగుంది | T31: బాగుంది | U31: అమలుఅవుతున్నాయి | V31: చంద్రబాబు నాయుడు గారు | W31: ఉద్యొగ్య అవకాశాలు కల్పించటం | X31: చంద్రబాబు నాయుడు గారు | Y31: సరైన పార్టీకి వేసాను | Z31: TDP/JSP/BJP (కూటమి | AA31: TDP/JSP/BJP (కూటమి) | AB31: No response | AC31: No response | AD31: Deepika | AE31: Correctly Done | AF31: 0 | AG31: Valid | AH31: =VLOOKUP(Table1[[#This Row],[Caste]],Factor!$H$1:$K$13,4,0) -> 1.1461626 | AI31: =IFERROR(VLOOKUP(Table1[[#This Row],[Q10: మీరు 2024 అసెంబ్లీ ఎన్నికలో ఏ పార్టీ కి వోట్ వేశారు?]],Factor!$D$22:$H$23,5,0),Factor!$H$24) -> 1.0795332 | AJ31: =Table1[[#This Row],[Factor_1]]*Table1[[#This Row],[2024 Factor]] -> 0.7772114 | AK31: =VLOOKUP(Table1[[#This Row],[Q18: Gender]],Factor!$A$33:$E$35,5,0) -> 0.85034014 | AL31: =VLOOKUP(Table1[[#This Row],[Taluka]],Factor!$A$42:$G$46,7,0) -> 0.7543378 | AM31: =VLOOKUP(Table1[[#This Row],[Caste]]&Table1[[#This Row],[Q18: Gender]],Factor!$W$1:$X$23,2,0) -> 0.71995135 | AN31: =VLOOKUP(Table1[[#This Row],[Taluka]]&Table1[[#This Row],[Caste]]&Table1[[#This Row],[Q18: Gender]],Factor!$AK$4:$AL$93,2,0) -> 0.55527787 | AO31: =IF(T31="బాగుంది",-1,1) -> -1 | AP31: =IF(U31="అమలవడం లేదు",1,-1) -> -1 | AQ31: =IF(V31="జగన్ మోహన్ రెడ్డి గారు",1,-1) -> -1 | AR31: =IF(X31="జగన్ మోహన్ రెడ్డి గారు",1,-1) -> -1 | AS31: =IF(AA31="YSRCP (వైఎస్‌ఆర్‌సీపీ)",1,-1) -> -1 | AT31: =IF(Z31="YSRCP (వైఎస్‌ఆర్‌సీపీ)",1,-1) -> -1 | AU31: =AO31+AP31+AQ31+AR31+(0.5*AS31)+AT31 -> -5.5 | AV31: =SUM(Table1[[#This Row],[Satis]:[29]]) -> -6 | AW31: =AO31+AQ31+AR31+AS31+AT31 -> -5 | AX31: =AQ31+AR31+AS31+AT31 -> -4 | AY31: =IF(AND(AO31=1,AS31=1,AT31=1),3,IF(AND(AO31=-1,AS31=-1,AT31=-1),-3,IF(AND(AO31=1,AS31=-1,AT31=1),2,IF(AND(AO31=-1,AS31=1,AT31=-1),-2,IF(AND(AS31=1,AT31=1),2,IF(AND(AS31=-1,AT31=-1),-2,"ND")))))) -> -3 | AZ31: =IFERROR(IF(AV31=6,"YSRCP HardCore",IF(AV31=-6,"TDP HardCore",IF(AW31>=4,"YSRCP Sympathiser",IF(AW31<=-4,"TDP Sympathiser",IF(AX31>=3,"YSRCP Sympathiser",IF(AX31<=-3,"TDP Sympathiser",IF(AY31="ND","ND",IF(AY31>=2,"Neutral YSRCP",IF(AY31<=-2,"Neutral TDP",0))))))))),"ND") -> TDP HardCore
A32: a056e942-ce6d-47f7-94c5-36069ee29a20 | B32: 46042 | C32: 1/20/2026, 11:32:34 AM | D32: 16.520596, 81.905635 | E32: GWC4+385, Pedapatnam, Andhra Pradesh, India | F32: ITABATHULA BHASKAR RAO | G32: Naeem | H32: http://164.52.221.216/localmedia/media/surveys/samples/recording_2026-01-20_11-31-01_samples_xJ0geibXE1.mp4 | I32: Settibalija | J32: MALIKIPURAM | K32: LAKKAVARAM | L32: విద్యార్థి | M32: హిందూ | N32: 18-25 | O32: sriram | P32: 8499964131 | Q32: Male | R32: కరెంట్ | S32: బాగుంది | T32: బాగుంది | U32: అమలుఅవుతున్నాయి | V32: చంద్రబాబు నాయుడు గారు | W32: ఉద్యొగ్య అవకాశాలు కల్పించటం | X32: చంద్రబాబు నాయుడు గారు | Y32: సరైన పార్టీకి వేసాను | Z32: TDP/JSP/BJP (కూటమి | AA32: TDP/JSP/BJP (కూటమి) | AB32: No response | AC32: No response | AD32: Deepika | AE32: Correctly Done | AF32: Q13,14,15,16 not asking | AG32: Valid | AH32: =VLOOKUP(Table1[[#This Row],[Caste]],Factor!$H$1:$K$13,4,0) -> 1.1705128 | AI32: =IFERROR(VLOOKUP(Table1[[#This Row],[Q10: మీరు 2024 అసెంబ్లీ ఎన్నికలో ఏ పార్టీ కి వోట్ వేశారు?]],Factor!$D$22:$H$23,5,0),Factor!$H$24) -> 1.0795332 | AJ32: =Table1[[#This Row],[Factor_1]]*Table1[[#This Row],[2024 Factor]] -> 0.86308903 | AK32: =VLOOKUP(Table1[[#This Row],[Q18: Gender]],Factor!$A$33:$E$35,5,0) -> 0.85034014 | AL32: =VLOOKUP(Table1[[#This Row],[Taluka]],Factor!$A$42:$G$46,7,0) -> 1.9264642 | AM32: =VLOOKUP(Table1[[#This Row],[Caste]]&Table1[[#This Row],[Q18: Gender]],Factor!$W$1:$X$23,2,0) -> 0.79950206 | AN32: =VLOOKUP(Table1[[#This Row],[Taluka]]&Table1[[#This Row],[Caste]]&Table1[[#This Row],[Q18: Gender]],Factor!$AK$4:$AL$93,2,0) -> 1.1572127 | AO32: =IF(T32="బాగుంది",-1,1) -> -1 | AP32: =IF(U32="అమలవడం లేదు",1,-1) -> -1 | AQ32: =IF(V32="జగన్ మోహన్ రెడ్డి గారు",1,-1) -> -1 | AR32: =IF(X32="జగన్ మోహన్ రెడ్డి గారు",1,-1) -> -1 | AS32: =IF(AA32="YSRCP (వైఎస్‌ఆర్‌సీపీ)",1,-1) -> -1 | AT32: =IF(Z32="YSRCP (వైఎస్‌ఆర్‌సీపీ)",1,-1) -> -1 | AU32: =AO32+AP32+AQ32+AR32+(0.5*AS32)+AT32 -> -5.5 | AV32: =SUM(Table1[[#This Row],[Satis]:[29]]) -> -6 | AW32: =AO32+AQ32+AR32+AS32+AT32 -> -5 | AX32: =AQ32+AR32+AS32+AT32 -> -4 | AY32: =IF(AND(AO32=1,AS32=1,AT32=1),3,IF(AND(AO32=-1,AS32=-1,AT32=-1),-3,IF(AND(AO32=1,AS32=-1,AT32=1),2,IF(AND(AO32=-1,AS32=1,AT32=-1),-2,IF(AND(AS32=1,AT32=1),2,IF(AND(AS32=-1,AT32=-1),-2,"ND")))))) -> -3 | AZ32: =IFERROR(IF(AV32=6,"YSRCP HardCore",IF(AV32=-6,"TDP HardCore",IF(AW32>=4,"YSRCP Sympathiser",IF(AW32<=-4,"TDP Sympathiser",IF(AX32>=3,"YSRCP Sympathiser",IF(AX32<=-3,"TDP Sympathiser",IF(AY32="ND","ND",IF(AY32>=2,"Neutral YSRCP",IF(AY32<=-2,"Neutral TDP",0))))))))),"ND") -> TDP HardCore
A33: 1acff06d-6040-4f9c-9ef2-a4980ea8eaa2 | B33: 46042 | C33: 1/20/2026, 11:39:33 AM | D33: 16.521047, 81.903000 | E33: GWC3+C6R, Pedapatnam, Andhra Pradesh, India | F33: ITABATHULA BHASKAR RAO | G33: Naeem | H33: http://164.52.221.216/localmedia/media/surveys/samples/recording_2026-01-20_11-35-44_samples_wqE8sCLl0q.mp4 | I33: Mala | J33: MAMIDIKUDURU_PART | K33: PEDAPATNAM | L33: కార్మిక/రోజువారీ కూలీ | M33: హిందూ | N33: 26-40 | O33: krishna | P33: 99999999999999 | Q33: Male | R33: కరెంట్ | S33: బాగుంది | T33: బాగుంది | U33: అమలుఅవుతున్నాయి | V33: చంద్రబాబు నాయుడు గారు | W33: రోడ్లు వేయటం | X33: చంద్రబాబు నాయుడు గారు | Y33: సరైన పార్టీకి వేసాను | Z33: TDP/JSP/BJP (కూటమి | AA33: TDP/JSP/BJP (కూటమి) | AB33: No response | AC33: No response | AD33: Deepika | AE33: Not Asking Some of the Questions | AF33: Q 14,15 not asking and not asking caste | AG33: Not Valid | AH33: =VLOOKUP(Table1[[#This Row],[Caste]],Factor!$H$1:$K$13,4,0) -> 1.3836275 | AI33: =IFERROR(VLOOKUP(Table1[[#This Row],[Q10: మీరు 2024 అసెంబ్లీ ఎన్నికలో ఏ పార్టీ కి వోట్ వేశారు?]],Factor!$D$22:$H$23,5,0),Factor!$H$24) -> 1.0795332 | AJ33: =Table1[[#This Row],[Factor_1]]*Table1[[#This Row],[2024 Factor]] -> 1.1648411 | AK33: =VLOOKUP(Table1[[#This Row],[Q18: Gender]],Factor!$A$33:$E$35,5,0) -> 0.85034014 | AL33: =VLOOKUP(Table1[[#This Row],[Taluka]],Factor!$A$42:$G$46,7,0) -> 0.7543378 | AM33: =VLOOKUP(Table1[[#This Row],[Caste]]&Table1[[#This Row],[Q18: Gender]],Factor!$W$1:$X$23,2,0) -> 1.0790229 | AN33: =VLOOKUP(Table1[[#This Row],[Taluka]]&Table1[[#This Row],[Caste]]&Table1[[#This Row],[Q18: Gender]],Factor!$AK$4:$AL$93,2,0) -> 0.52423487 | AO33: =IF(T33="బాగుంది",-1,1) -> -1 | AP33: =IF(U33="అమలవడం లేదు",1,-1) -> -1 | AQ33: =IF(V33="జగన్ మోహన్ రెడ్డి గారు",1,-1) -> -1 | AR33: =IF(X33="జగన్ మోహన్ రెడ్డి గారు",1,-1) -> -1 | AS33: =IF(AA33="YSRCP (వైఎస్‌ఆర్‌సీపీ)",1,-1) -> -1 | AT33: =IF(Z33="YSRCP (వైఎస్‌ఆర్‌సీపీ)",1,-1) -> -1 | AU33: =AO33+AP33+AQ33+AR33+(0.5*AS33)+AT33 -> -5.5 | AV33: =SUM(Table1[[#This Row],[Satis]:[29]]) -> -6 | AW33: =AO33+AQ33+AR33+AS33+AT33 -> -5 | AX33: =AQ33+AR33+AS33+AT33 -> -4 | AY33: =IF(AND(AO33=1,AS33=1,AT33=1),3,IF(AND(AO33=-1,AS33=-1,AT33=-1),-3,IF(AND(AO33=1,AS33=-1,AT33=1),2,IF(AND(AO33=-1,AS33=1,AT33=-1),-2,IF(AND(AS33=1,AT33=1),2,IF(AND(AS33=-1,AT33=-1),-2,"ND")))))) -> -3 | AZ33: =IFERROR(IF(AV33=6,"YSRCP HardCore",IF(AV33=-6,"TDP HardCore",IF(AW33>=4,"YSRCP Sympathiser",IF(AW33<=-4,"TDP Sympathiser",IF(AX33>=3,"YSRCP Sympathiser",IF(AX33<=-3,"TDP Sympathiser",IF(AY33="ND","ND",IF(AY33>=2,"Neutral YSRCP",IF(AY33<=-2,"Neutral TDP",0))))))))),"ND") -> TDP HardCore
A34: ced84559-0e9e-4fd8-b7b8-6aaab3cd626b | B34: 46042 | C34: 1/20/2026, 11:42:25 AM | D34: 16.547708, 81.920812 | E34: GWWC+Q6V, Pedapatnam, Andhra Pradesh, India | F34: aithabattula venkateswararao | G34: Naeem | H34: http://164.52.221.216/localmedia/media/surveys/samples/recording_2026-01-20_11-36-34_samples_Vvos8roNEv.mp4 | I34: Agnikulakshatriya | J34: MAMIDIKUDURU_PART | K34: PEDAPATNAM LANKA | L34: వ్యాపారం | M34: హిందూ | N34: 26-40 | O34: y. chiranjivi | P34: 7013684412 | Q34: Male | R34: డ్రైనేజి | S34: బాగాలేదు | T34: బాగుంది | U34: అమలవడం లేదు | V34: జగన్ మోహన్ రెడ్డి గారు | W34: సంక్షేమ పథకాలు (నగదు) | X34: చంద్రబాబు నాయుడు గారు | Y34: సరైన పార్టీకి వేసాను | Z34: YSRCP (వైఎస్‌ఆర్‌సీపీ) | AA34: YSRCP (వైఎస్‌ఆర్‌సీపీ) | AB34: లేరు, వారిని మార్చాలి | AC34: Pamula Rajeswari Devi | AD34: Deepika | AE34: Not Doing It Properly | AF34: Q7 kept his own | AG34: Valid | AH34: =VLOOKUP(Table1[[#This Row],[Caste]],Factor!$H$1:$K$13,4,0) -> 1.2612194 | AI34: =IFERROR(VLOOKUP(Table1[[#This Row],[Q10: మీరు 2024 అసెంబ్లీ ఎన్నికలో ఏ పార్టీ కి వోట్ వేశారు?]],Factor!$D$22:$H$23,5,0),Factor!$H$24) -> 1.8055838 | AJ34: =Table1[[#This Row],[Factor_1]]*Table1[[#This Row],[2024 Factor]] -> 1.5392437 | AK34: =VLOOKUP(Table1[[#This Row],[Q18: Gender]],Factor!$A$33:$E$35,5,0) -> 0.85034014 | AL34: =VLOOKUP(Table1[[#This Row],[Taluka]],Factor!$A$42:$G$46,7,0) -> 0.7543378 | AM34: =VLOOKUP(Table1[[#This Row],[Caste]]&Table1[[#This Row],[Q18: Gender]],Factor!$W$1:$X$23,2,0) -> 0.8524909 | AN34: =VLOOKUP(Table1[[#This Row],[Taluka]]&Table1[[#This Row],[Caste]]&Table1[[#This Row],[Q18: Gender]],Factor!$AK$4:$AL$93,2,0) -> 1.2935275 | AO34: =IF(T34="బాగుంది",-1,1) -> -1 | AP34: =IF(U34="అమలవడం లేదు",1,-1) -> 1 | AQ34: =IF(V34="జగన్ మోహన్ రెడ్డి గారు",1,-1) -> 1 | AR34: =IF(X34="జగన్ మోహన్ రెడ్డి గారు",1,-1) -> -1 | AS34: =IF(AA34="YSRCP (వైఎస్‌ఆర్‌సీపీ)",1,-1) -> 1 | AT34: =IF(Z34="YSRCP (వైఎస్‌ఆర్‌సీపీ)",1,-1) -> 1 | AU34: =AO34+AP34+AQ34+AR34+(0.5*AS34)+AT34 -> 1.5 | AV34: =SUM(Table1[[#This Row],[Satis]:[29]]) -> 2 | AW34: =AO34+AQ34+AR34+AS34+AT34 -> 1 | AX34: =AQ34+AR34+AS34+AT34 -> 2 | AY34: =IF(AND(AO34=1,AS34=1,AT34=1),3,IF(AND(AO34=-1,AS34=-1,AT34=-1),-3,IF(AND(AO34=1,AS34=-1,AT34=1),2,IF(AND(AO34=-1,AS34=1,AT34=-1),-2,IF(AND(AS34=1,AT34=1),2,IF(AND(AS34=-1,AT34=-1),-2,"ND")))))) -> 2 | AZ34: =IFERROR(IF(AV34=6,"YSRCP HardCore",IF(AV34=-6,"TDP HardCore",IF(AW34>=4,"YSRCP Sympathiser",IF(AW34<=-4,"TDP Sympathiser",IF(AX34>=3,"YSRCP Sympathiser",IF(AX34<=-3,"TDP Sympathiser",IF(AY34="ND","ND",IF(AY34>=2,"Neutral YSRCP",IF(AY34<=-2,"Neutral TDP",0))))))))),"ND") -> Neutral YSRCP
A35: 4434a83a-b890-40a7-9834-76fe85de6b70 | B35: 46042 | C35: 1/20/2026, 11:32:24 AM | D35: 16.549084, 81.921907 | E35: GWXC+MQW, Peddapatnamlanka, Andhra Pradesh, India | F35: aithabattula venkateswararao | G35: Naeem | H35: http://164.52.221.216/localmedia/media/surveys/samples/recording_2026-01-20_11-30-02_samples_a5FzrFYQew.mp4 | I35: Kapu | J35: MAMIDIKUDURU_PART | K35: PEDAPATNAM LANKA | L35: కార్మిక/రోజువారీ కూలీ | M35: హిందూ | N35: 26-40 | O35: adabala rajesh | P35: 9849788816 | Q35: Male | R35: కరెంట్ | S35: బాగుంది | T35: బాగుంది | U35: అమలుఅవుతున్నాయి | V35: చంద్రబాబు నాయుడు గారు | W35: శాంతి భద్రతలను కాపాడటం,విద్య రంగం అభివృద్ధి చేయటం | X35: చంద్రబాబు నాయుడు గారు | Y35: సరైన పార్టీకి వేసాను | Z35: TDP/JSP/BJP (కూటమి | AA35: TDP/JSP/BJP (కూటమి) | AB35: No response | AC35: No response | AD35: Deepika | AE35: Correctly Done | AF35: 0 | AG35: Valid | AH35: =VLOOKUP(Table1[[#This Row],[Caste]],Factor!$H$1:$K$13,4,0) -> 1.1461626 | AI35: =IFERROR(VLOOKUP(Table1[[#This Row],[Q10: మీరు 2024 అసెంబ్లీ ఎన్నికలో ఏ పార్టీ కి వోట్ వేశారు?]],Factor!$D$22:$H$23,5,0),Factor!$H$24) -> 1.0795332 | AJ35: =Table1[[#This Row],[Factor_1]]*Table1[[#This Row],[2024 Factor]] -> 0.7772114 | AK35: =VLOOKUP(Table1[[#This Row],[Q18: Gender]],Factor!$A$33:$E$35,5,0) -> 0.85034014 | AL35: =VLOOKUP(Table1[[#This Row],[Taluka]],Factor!$A$42:$G$46,7,0) -> 0.7543378 | AM35: =VLOOKUP(Table1[[#This Row],[Caste]]&Table1[[#This Row],[Q18: Gender]],Factor!$W$1:$X$23,2,0) -> 0.71995135 | AN35: =VLOOKUP(Table1[[#This Row],[Taluka]]&Table1[[#This Row],[Caste]]&Table1[[#This Row],[Q18: Gender]],Factor!$AK$4:$AL$93,2,0) -> 0.55527787 | AO35: =IF(T35="బాగుంది",-1,1) -> -1 | AP35: =IF(U35="అమలవడం లేదు",1,-1) -> -1 | AQ35: =IF(V35="జగన్ మోహన్ రెడ్డి గారు",1,-1) -> -1 | AR35: =IF(X35="జగన్ మోహన్ రెడ్డి గారు",1,-1) -> -1 | AS35: =IF(AA35="YSRCP (వైఎస్‌ఆర్‌సీపీ)",1,-1) -> -1 | AT35: =IF(Z35="YSRCP (వైఎస్‌ఆర్‌సీపీ)",1,-1) -> -1 | AU35: =AO35+AP35+AQ35+AR35+(0.5*AS35)+AT35 -> -5.5 | AV35: =SUM(Table1[[#This Row],[Satis]:[29]]) -> -6 | AW35: =AO35+AQ35+AR35+AS35+AT35 -> -5 | AX35: =AQ35+AR35+AS35+AT35 -> -4 | AY35: =IF(AND(AO35=1,AS35=1,AT35=1),3,IF(AND(AO35=-1,AS35=-1,AT35=-1),-3,IF(AND(AO35=1,AS35=-1,AT35=1),2,IF(AND(AO35=-1,AS35=1,AT35=-1),-2,IF(AND(AS35=1,AT35=1),2,IF(AND(AS35=-1,AT35=-1),-2,"ND")))))) -> -3 | AZ35: =IFERROR(IF(AV35=6,"YSRCP HardCore",IF(AV35=-6,"TDP HardCore",IF(AW35>=4,"YSRCP Sympathiser",IF(AW35<=-4,"TDP Sympathiser",IF(AX35>=3,"YSRCP Sympathiser",IF(AX35<=-3,"TDP Sympathiser",IF(AY35="ND","ND",IF(AY35>=2,"Neutral YSRCP",IF(AY35<=-2,"Neutral TDP",0))))))))),"ND") -> TDP HardCore
A36: 92d4c494-ae4c-4f35-9928-85d1639fc8cf | B36: 46042 | C36: 1/20/2026, 11:50:26 AM | D36: 16.545558, 81.920851 | E36: GWWC+86M, Peddapatnamlanka, Andhra Pradesh, India | F36: aithabattula venkateswararao | G36: Naeem | H36: http://164.52.221.216/localmedia/media/surveys/samples/recording_2026-01-20_11-45-35_samples_hmXIoxhFUl.mp4 | I36: Adi Andhra | J36: MAMIDIKUDURU_PART | K36: PEDAPATNAM LANKA | L36: కార్మిక/రోజువారీ కూలీ | M36: హిందూ | N36: 26-40 | O36: venkanna | P36: 1111111111 | Q36: Male | R36: డ్రైనేజి | S36: బాగుంది | T36: బాగాలేదు | U36: అమలవడం లేదు | V36: చంద్రబాబు నాయుడు గారు | W36: ఉద్యొగ్య అవకాశాలు కల్పించటం | X36: చంద్రబాబు నాయుడు గారు | Y36: సరైన పార్టీకి వేసాను | Z36: YSRCP (వైఎస్‌ఆర్‌సీపీ) | AA36: TDP/JSP/BJP (కూటమి) | AB36: No response | AC36: No response | AD36: Deepika | AE36: Not Doing It Properly | AF36: Q5 kept his own | AG36: Valid | AH36: =VLOOKUP(Table1[[#This Row],[Caste]],Factor!$H$1:$K$13,4,0) -> 1.0786696 | AI36: =IFERROR(VLOOKUP(Table1[[#This Row],[Q10: మీరు 2024 అసెంబ్లీ ఎన్నికలో ఏ పార్టీ కి వోట్ వేశారు?]],Factor!$D$22:$H$23,5,0),Factor!$H$24) -> 1.0795332 | AJ36: =Table1[[#This Row],[Factor_1]]*Table1[[#This Row],[2024 Factor]] -> 1.1644597 | AK36: =VLOOKUP(Table1[[#This Row],[Q18: Gender]],Factor!$A$33:$E$35,5,0) -> 0.85034014 | AL36: =VLOOKUP(Table1[[#This Row],[Taluka]],Factor!$A$42:$G$46,7,0) -> 0.7543378 | AM36: =VLOOKUP(Table1[[#This Row],[Caste]]&Table1[[#This Row],[Q18: Gender]],Factor!$W$1:$X$23,2,0) -> 1.0786696 | AN36: =VLOOKUP(Table1[[#This Row],[Taluka]]&Table1[[#This Row],[Caste]]&Table1[[#This Row],[Q18: Gender]],Factor!$AK$4:$AL$93,2,0) -> 0.36371552 | AO36: =IF(T36="బాగుంది",-1,1) -> 1 | AP36: =IF(U36="అమలవడం లేదు",1,-1) -> 1 | AQ36: =IF(V36="జగన్ మోహన్ రెడ్డి గారు",1,-1) -> -1 | AR36: =IF(X36="జగన్ మోహన్ రెడ్డి గారు",1,-1) -> -1 | AS36: =IF(AA36="YSRCP (వైఎస్‌ఆర్‌సీపీ)",1,-1) -> -1 | AT36: =IF(Z36="YSRCP (వైఎస్‌ఆర్‌సీపీ)",1,-1) -> 1 | AU36: =AO36+AP36+AQ36+AR36+(0.5*AS36)+AT36 -> 0.5 | AV36: =SUM(Table1[[#This Row],[Satis]:[29]]) -> 0 | AW36: =AO36+AQ36+AR36+AS36+AT36 -> -1 | AX36: =AQ36+AR36+AS36+AT36 -> -2 | AY36: =IF(AND(AO36=1,AS36=1,AT36=1),3,IF(AND(AO36=-1,AS36=-1,AT36=-1),-3,IF(AND(AO36=1,AS36=-1,AT36=1),2,IF(AND(AO36=-1,AS36=1,AT36=-1),-2,IF(AND(AS36=1,AT36=1),2,IF(AND(AS36=-1,AT36=-1),-2,"ND")))))) -> 2 | AZ36: =IFERROR(IF(AV36=6,"YSRCP HardCore",IF(AV36=-6,"TDP HardCore",IF(AW36>=4,"YSRCP Sympathiser",IF(AW36<=-4,"TDP Sympathiser",IF(AX36>=3,"YSRCP Sympathiser",IF(AX36<=-3,"TDP Sympathiser",IF(AY36="ND","ND",IF(AY36>=2,"Neutral YSRCP",IF(AY36<=-2,"Neutral TDP",0))))))))),"ND") -> Neutral YSRCP
A37: 2762efff-152a-4f2a-bad1-5c8b31b9a8b9 | B37: 46042 | C37: 1/20/2026, 11:42:29 AM | D37: 16.547708, 81.920812 | E37: GWWC+Q6V, Pedapatnam, Andhra Pradesh, India | F37: aithabattula venkateswararao | G37: Naeem | H37: http://164.52.221.216/localmedia/media/surveys/samples/recording_2026-01-20_11-36-34_samples_ugU31iUMNp.mp4 | I37: Agnikulakshatriya | J37: MAMIDIKUDURU_PART | K37: PEDAPATNAM LANKA | L37: వ్యాపారం | M37: హిందూ | N37: 26-40 | O37: y. chiranjivi | P37: 7013684412 | Q37: Male | R37: డ్రైనేజి | S37: బాగాలేదు | T37: బాగుంది | U37: అమలవడం లేదు | V37: జగన్ మోహన్ రెడ్డి గారు | W37: సంక్షేమ పథకాలు (నగదు) | X37: చంద్రబాబు నాయుడు గారు | Y37: సరైన పార్టీకి వేసాను | Z37: YSRCP (వైఎస్‌ఆర్‌సీపీ) | AA37: YSRCP (వైఎస్‌ఆర్‌సీపీ) | AB37: లేరు, వారిని మార్చాలి | AC37: Pamula Rajeswari Devi | AD37: Deepika | AE37: Correctly Done | AF37: 0 | AG37: Valid | AH37: =VLOOKUP(Table1[[#This Row],[Caste]],Factor!$H$1:$K$13,4,0) -> 1.2612194 | AI37: =IFERROR(VLOOKUP(Table1[[#This Row],[Q10: మీరు 2024 అసెంబ్లీ ఎన్నికలో ఏ పార్టీ కి వోట్ వేశారు?]],Factor!$D$22:$H$23,5,0),Factor!$H$24) -> 1.8055838 | AJ37: =Table1[[#This Row],[Factor_1]]*Table1[[#This Row],[2024 Factor]] -> 1.5392437 | AK37: =VLOOKUP(Table1[[#This Row],[Q18: Gender]],Factor!$A$33:$E$35,5,0) -> 0.85034014 | AL37: =VLOOKUP(Table1[[#This Row],[Taluka]],Factor!$A$42:$G$46,7,0) -> 0.7543378 | AM37: =VLOOKUP(Table1[[#This Row],[Caste]]&Table1[[#This Row],[Q18: Gender]],Factor!$W$1:$X$23,2,0) -> 0.8524909 | AN37: =VLOOKUP(Table1[[#This Row],[Taluka]]&Table1[[#This Row],[Caste]]&Table1[[#This Row],[Q18: Gender]],Factor!$AK$4:$AL$93,2,0) -> 1.2935275 | AO37: =IF(T37="బాగుంది",-1,1) -> -1 | AP37: =IF(U37="అమలవడం లేదు",1,-1) -> 1 | AQ37: =IF(V37="జగన్ మోహన్ రెడ్డి గారు",1,-1) -> 1 | AR37: =IF(X37="జగన్ మోహన్ రెడ్డి గారు",1,-1) -> -1 | AS37: =IF(AA37="YSRCP (వైఎస్‌ఆర్‌సీపీ)",1,-1) -> 1 | AT37: =IF(Z37="YSRCP (వైఎస్‌ఆర్‌సీపీ)",1,-1) -> 1 | AU37: =AO37+AP37+AQ37+AR37+(0.5*AS37)+AT37 -> 1.5 | AV37: =SUM(Table1[[#This Row],[Satis]:[29]]) -> 2 | AW37: =AO37+AQ37+AR37+AS37+AT37 -> 1 | AX37: =AQ37+AR37+AS37+AT37 -> 2 | AY37: =IF(AND(AO37=1,AS37=1,AT37=1),3,IF(AND(AO37=-1,AS37=-1,AT37=-1),-3,IF(AND(AO37=1,AS37=-1,AT37=1),2,IF(AND(AO37=-1,AS37=1,AT37=-1),-2,IF(AND(AS37=1,AT37=1),2,IF(AND(AS37=-1,AT37=-1),-2,"ND")))))) -> 2 | AZ37: =IFERROR(IF(AV37=6,"YSRCP HardCore",IF(AV37=-6,"TDP HardCore",IF(AW37>=4,"YSRCP Sympathiser",IF(AW37<=-4,"TDP Sympathiser",IF(AX37>=3,"YSRCP Sympathiser",IF(AX37<=-3,"TDP Sympathiser",IF(AY37="ND","ND",IF(AY37>=2,"Neutral YSRCP",IF(AY37<=-2,"Neutral TDP",0))))))))),"ND") -> Neutral YSRCP
A38: 1671388b-fc43-4609-98f7-40a9b50e5e52 | B38: 46042 | C38: 1/20/2026, 11:50:29 AM | D38: 16.545558, 81.920851 | E38: GWWC+86M, Peddapatnamlanka, Andhra Pradesh, India | F38: aithabattula venkateswararao | G38: Naeem | H38: http://164.52.221.216/localmedia/media/surveys/samples/recording_2026-01-20_11-45-35_samples_6WqIphHtdh.mp4 | I38: Adi Andhra | J38: MAMIDIKUDURU_PART | K38: PEDAPATNAM LANKA | L38: కార్మిక/రోజువారీ కూలీ | M38: హిందూ | N38: 26-40 | O38: venkanna | P38: 1111111111 | Q38: Male | R38: డ్రైనేజి | S38: బాగుంది | T38: బాగాలేదు | U38: అమలవడం లేదు | V38: చంద్రబాబు నాయుడు గారు | W38: ఉద్యొగ్య అవకాశాలు కల్పించటం | X38: చంద్రబాబు నాయుడు గారు | Y38: సరైన పార్టీకి వేసాను | Z38: YSRCP (వైఎస్‌ఆర్‌సీపీ) | AA38: TDP/JSP/BJP (కూటమి) | AB38: No response | AC38: No response | AD38: Deepika | AE38: Correctly Done | AF38: 0 | AG38: Valid | AH38: =VLOOKUP(Table1[[#This Row],[Caste]],Factor!$H$1:$K$13,4,0) -> 1.0786696 | AI38: =IFERROR(VLOOKUP(Table1[[#This Row],[Q10: మీరు 2024 అసెంబ్లీ ఎన్నికలో ఏ పార్టీ కి వోట్ వేశారు?]],Factor!$D$22:$H$23,5,0),Factor!$H$24) -> 1.0795332 | AJ38: =Table1[[#This Row],[Factor_1]]*Table1[[#This Row],[2024 Factor]] -> 1.1644597 | AK38: =VLOOKUP(Table1[[#This Row],[Q18: Gender]],Factor!$A$33:$E$35,5,0) -> 0.85034014 | AL38: =VLOOKUP(Table1[[#This Row],[Taluka]],Factor!$A$42:$G$46,7,0) -> 0.7543378 | AM38: =VLOOKUP(Table1[[#This Row],[Caste]]&Table1[[#This Row],[Q18: Gender]],Factor!$W$1:$X$23,2,0) -> 1.0786696 | AN38: =VLOOKUP(Table1[[#This Row],[Taluka]]&Table1[[#This Row],[Caste]]&Table1[[#This Row],[Q18: Gender]],Factor!$AK$4:$AL$93,2,0) -> 0.36371552 | AO38: =IF(T38="బాగుంది",-1,1) -> 1 | AP38: =IF(U38="అమలవడం లేదు",1,-1) -> 1 | AQ38: =IF(V38="జగన్ మోహన్ రెడ్డి గారు",1,-1) -> -1 | AR38: =IF(X38="జగన్ మోహన్ రెడ్డి గారు",1,-1) -> -1 | AS38: =IF(AA38="YSRCP (వైఎస్‌ఆర్‌సీపీ)",1,-1) -> -1 | AT38: =IF(Z38="YSRCP (వైఎస్‌ఆర్‌సీపీ)",1,-1) -> 1 | AU38: =AO38+AP38+AQ38+AR38+(0.5*AS38)+AT38 -> 0.5 | AV38: =SUM(Table1[[#This Row],[Satis]:[29]]) -> 0 | AW38: =AO38+AQ38+AR38+AS38+AT38 -> -1 | AX38: =AQ38+AR38+AS38+AT38 -> -2 | AY38: =IF(AND(AO38=1,AS38=1,AT38=1),3,IF(AND(AO38=-1,AS38=-1,AT38=-1),-3,IF(AND(AO38=1,AS38=-1,AT38=1),2,IF(AND(AO38=-1,AS38=1,AT38=-1),-2,IF(AND(AS38=1,AT38=1),2,IF(AND(AS38=-1,AT38=-1),-2,"ND")))))) -> 2 | AZ38: =IFERROR(IF(AV38=6,"YSRCP HardCore",IF(AV38=-6,"TDP HardCore",IF(AW38>=4,"YSRCP Sympathiser",IF(AW38<=-4,"TDP Sympathiser",IF(AX38>=3,"YSRCP Sympathiser",IF(AX38<=-3,"TDP Sympathiser",IF(AY38="ND","ND",IF(AY38>=2,"Neutral YSRCP",IF(AY38<=-2,"Neutral TDP",0))))))))),"ND") -> Neutral YSRCP
A39: 2716b390-6461-4cba-a96f-3cf6a05f5653 | B39: 46042 | C39: 1/20/2026, 11:54:12 AM | D39: 16.519573, 81.900215 | E39: Manepalli - Pedapatnam Rd, Pedapatnam, Andhra Pradesh, India | F39: ITABATHULA BHASKAR RAO | G39: Naeem | H39: http://164.52.221.216/localmedia/media/surveys/samples/recording_2026-01-20_11-50-13_samples_AQbSsRSueS.mp4 | I39: Kapu | J39: MALIKIPURAM | K39: LAKKAVARAM | L39: విద్యార్థి | M39: హిందూ | N39: 18-25 | O39: udayakumar | P39: 9032664364 | Q39: Male | R39: డ్రైనేజి | S39: ఏమి చెప్పలేను | T39: బాగాలేదు | U39: అమలవడం లేదు | V39: జగన్ మోహన్ రెడ్డి గారు | W39: రోడ్లు వేయటం | X39: జగన్ మోహన్ రెడ్డి గారు | Y39: సరైన పార్టీకి వేసాను | Z39: YSRCP (వైఎస్‌ఆర్‌సీపీ) | AA39: TDP/JSP/BJP (కూటమి) | AB39: No response | AC39: No response | AD39: Deepika | AE39: Correctly Done | AF39: not asking caste | AG39: Valid | AH39: =VLOOKUP(Table1[[#This Row],[Caste]],Factor!$H$1:$K$13,4,0) -> 1.1461626 | AI39: =IFERROR(VLOOKUP(Table1[[#This Row],[Q10: మీరు 2024 అసెంబ్లీ ఎన్నికలో ఏ పార్టీ కి వోట్ వేశారు?]],Factor!$D$22:$H$23,5,0),Factor!$H$24) -> 1.0795332 | AJ39: =Table1[[#This Row],[Factor_1]]*Table1[[#This Row],[2024 Factor]] -> 0.7772114 | AK39: =VLOOKUP(Table1[[#This Row],[Q18: Gender]],Factor!$A$33:$E$35,5,0) -> 0.85034014 | AL39: =VLOOKUP(Table1[[#This Row],[Taluka]],Factor!$A$42:$G$46,7,0) -> 1.9264642 | AM39: =VLOOKUP(Table1[[#This Row],[Caste]]&Table1[[#This Row],[Q18: Gender]],Factor!$W$1:$X$23,2,0) -> 0.71995135 | AN39: =VLOOKUP(Table1[[#This Row],[Taluka]]&Table1[[#This Row],[Caste]]&Table1[[#This Row],[Q18: Gender]],Factor!$AK$4:$AL$93,2,0) -> 0.70534647 | AO39: =IF(T39="బాగుంది",-1,1) -> 1 | AP39: =IF(U39="అమలవడం లేదు",1,-1) -> 1 | AQ39: =IF(V39="జగన్ మోహన్ రెడ్డి గారు",1,-1) -> 1 | AR39: =IF(X39="జగన్ మోహన్ రెడ్డి గారు",1,-1) -> 1 | AS39: =IF(AA39="YSRCP (వైఎస్‌ఆర్‌సీపీ)",1,-1) -> -1 | AT39: =IF(Z39="YSRCP (వైఎస్‌ఆర్‌సీపీ)",1,-1) -> 1 | AU39: =AO39+AP39+AQ39+AR39+(0.5*AS39)+AT39 -> 4.5 | AV39: =SUM(Table1[[#This Row],[Satis]:[29]]) -> 4 | AW39: =AO39+AQ39+AR39+AS39+AT39 -> 3 | AX39: =AQ39+AR39+AS39+AT39 -> 2 | AY39: =IF(AND(AO39=1,AS39=1,AT39=1),3,IF(AND(AO39=-1,AS39=-1,AT39=-1),-3,IF(AND(AO39=1,AS39=-1,AT39=1),2,IF(AND(AO39=-1,AS39=1,AT39=-1),-2,IF(AND(AS39=1,AT39=1),2,IF(AND(AS39=-1,AT39=-1),-2,"ND")))))) -> 2 | AZ39: =IFERROR(IF(AV39=6,"YSRCP HardCore",IF(AV39=-6,"TDP HardCore",IF(AW39>=4,"YSRCP Sympathiser",IF(AW39<=-4,"TDP Sympathiser",IF(AX39>=3,"YSRCP Sympathiser",IF(AX39<=-3,"TDP Sympathiser",IF(AY39="ND","ND",IF(AY39>=2,"Neutral YSRCP",IF(AY39<=-2,"Neutral TDP",0))))))))),"ND") -> Neutral YSRCP
A40: dfb1e373-7c7e-40ac-91eb-045094909438 | B40: 46042 | C40: 1/20/2026, 11:56:49 AM | D40: 16.544999, 81.921239 | E40: GWVC+X93, Pedapatnam, Andhra Pradesh, India | F40: aithabattula venkateswararao | G40: Naeem | H40: http://164.52.221.216/localmedia/media/surveys/samples/recording_2026-01-20_11-53-49_samples_aDyDoPJVee.mp4 | I40: Kapu | J40: MAMIDIKUDURU_PART | K40: PEDAPATNAM LANKA | L40: ప్రైవేట్ ఉద్యోగం | M40: హిందూ | N40: 26-40 | O40: ashok | P40: 7013871168 | Q40: Male | R40: త్రాగునీరు | S40: బాగుంది | T40: బాగుంది | U40: అమలుఅవుతున్నాయి | V40: చంద్రబాబు నాయుడు గారు | W40: రోడ్లు వేయటం,ఉద్యొగ్య అవకాశాలు కల్పించటం,శాంతి భద్రతలను కాపాడటం,విద్య రంగం అభివృద్ధి చేయటం,ఆరోగ్య రంగం అభివృద్ధి చేయటం,వ్యవసాయం-రైతు బాగుండడం,సంక్షేమ పథకాలు (నగదు) | X40: చంద్రబాబు నాయుడు గారు | Y40: సరైన పార్టీకి వేసాను | Z40: TDP/JSP/BJP (కూటమి | AA40: TDP/JSP/BJP (కూటమి) | AB40: No response | AC40: No response | AD40: Deepika | AE40: Correctly Done | AF40: 0 | AG40: Valid | AH40: =VLOOKUP(Table1[[#This Row],[Caste]],Factor!$H$1:$K$13,4,0) -> 1.1461626 | AI40: =IFERROR(VLOOKUP(Table1[[#This Row],[Q10: మీరు 2024 అసెంబ్లీ ఎన్నికలో ఏ పార్టీ కి వోట్ వేశారు?]],Factor!$D$22:$H$23,5,0),Factor!$H$24) -> 1.0795332 | AJ40: =Table1[[#This Row],[Factor_1]]*Table1[[#This Row],[2024 Factor]] -> 0.7772114 | AK40: =VLOOKUP(Table1[[#This Row],[Q18: Gender]],Factor!$A$33:$E$35,5,0) -> 0.85034014 | AL40: =VLOOKUP(Table1[[#This Row],[Taluka]],Factor!$A$42:$G$46,7,0) -> 0.7543378 | AM40: =VLOOKUP(Table1[[#This Row],[Caste]]&Table1[[#This Row],[Q18: Gender]],Factor!$W$1:$X$23,2,0) -> 0.71995135 | AN40: =VLOOKUP(Table1[[#This Row],[Taluka]]&Table1[[#This Row],[Caste]]&Table1[[#This Row],[Q18: Gender]],Factor!$AK$4:$AL$93,2,0) -> 0.55527787 | AO40: =IF(T40="బాగుంది",-1,1) -> -1 | AP40: =IF(U40="అమలవడం లేదు",1,-1) -> -1 | AQ40: =IF(V40="జగన్ మోహన్ రెడ్డి గారు",1,-1) -> -1 | AR40: =IF(X40="జగన్ మోహన్ రెడ్డి గారు",1,-1) -> -1 | AS40: =IF(AA40="YSRCP (వైఎస్‌ఆర్‌సీపీ)",1,-1) -> -1 | AT40: =IF(Z40="YSRCP (వైఎస్‌ఆర్‌సీపీ)",1,-1) -> -1 | AU40: =AO40+AP40+AQ40+AR40+(0.5*AS40)+AT40 -> -5.5 | AV40: =SUM(Table1[[#This Row],[Satis]:[29]]) -> -6 | AW40: =AO40+AQ40+AR40+AS40+AT40 -> -5 | AX40: =AQ40+AR40+AS40+AT40 -> -4 | AY40: =IF(AND(AO40=1,AS40=1,AT40=1),3,IF(AND(AO40=-1,AS40=-1,AT40=-1),-3,IF(AND(AO40=1,AS40=-1,AT40=1),2,IF(AND(AO40=-1,AS40=1,AT40=-1),-2,IF(AND(AS40=1,AT40=1),2,IF(AND(AS40=-1,AT40=-1),-2,"ND")))))) -> -3 | AZ40: =IFERROR(IF(AV40=6,"YSRCP HardCore",IF(AV40=-6,"TDP HardCore",IF(AW40>=4,"YSRCP Sympathiser",IF(AW40<=-4,"TDP Sympathiser",IF(AX40>=3,"YSRCP Sympathiser",IF(AX40<=-3,"TDP Sympathiser",IF(AY40="ND","ND",IF(AY40>=2,"Neutral YSRCP",IF(AY40<=-2,"Neutral TDP",0))))))))),"ND") -> TDP HardCore
A41: 3ff536c7-4f1b-405d-b212-abed36c63571 | B41: 46042 | C41: 1/20/2026, 12:32:45 PM | D41: 16.546859, 81.932780 | E41: Highschool road, Peddapatnamlanka, Andhra Pradesh, India | F41: aithabattula venkateswararao | G41: Naeem | H41: http://164.52.221.216/localmedia/media/surveys/samples/recording_2026-01-20_12-29-26_samples_t9zarpJKV4.mp4 | I41: Kapu | J41: MAMIDIKUDURU_PART | K41: PEDAPATNAM LANKA | L41: కార్మిక/రోజువారీ కూలీ | M41: హిందూ | N41: 60+ | O41: subbarao | P41: 6304074354 | Q41: Male | R41: సాగునీరు | S41: బాగుంది | T41: బాగుంది | U41: అమలుఅవుతున్నాయి | V41: చంద్రబాబు నాయుడు గారు | W41: ఉద్యొగ్య అవకాశాలు కల్పించటం,శాంతి భద్రతలను కాపాడటం,ఆరోగ్య రంగం అభివృద్ధి చేయటం | X41: చంద్రబాబు నాయుడు గారు | Y41: సరైన పార్టీకి వేసాను | Z41: TDP/JSP/BJP (కూటమి | AA41: TDP/JSP/BJP (కూటమి) | AB41: No response | AC41: No response | AD41: Bhagya | AE41: Not Doing It Properly | AF41: Q1 Kept on his own | AG41: Valid | AH41: =VLOOKUP(Table1[[#This Row],[Caste]],Factor!$H$1:$K$13,4,0) -> 1.1461626 | AI41: =IFERROR(VLOOKUP(Table1[[#This Row],[Q10: మీరు 2024 అసెంబ్లీ ఎన్నికలో ఏ పార్టీ కి వోట్ వేశారు?]],Factor!$D$22:$H$23,5,0),Factor!$H$24) -> 1.0795332 | AJ41: =Table1[[#This Row],[Factor_1]]*Table1[[#This Row],[2024 Factor]] -> 0.7772114 | AK41: =VLOOKUP(Table1[[#This Row],[Q18: Gender]],Factor!$A$33:$E$35,5,0) -> 0.85034014 | AL41: =VLOOKUP(Table1[[#This Row],[Taluka]],Factor!$A$42:$G$46,7,0) -> 0.7543378 | AM41: =VLOOKUP(Table1[[#This Row],[Caste]]&Table1[[#This Row],[Q18: Gender]],Factor!$W$1:$X$23,2,0) -> 0.71995135 | AN41: =VLOOKUP(Table1[[#This Row],[Taluka]]&Table1[[#This Row],[Caste]]&Table1[[#This Row],[Q18: Gender]],Factor!$AK$4:$AL$93,2,0) -> 0.55527787 | AO41: =IF(T41="బాగుంది",-1,1) -> -1 | AP41: =IF(U41="అమలవడం లేదు",1,-1) -> -1 | AQ41: =IF(V41="జగన్ మోహన్ రెడ్డి గారు",1,-1) -> -1 | AR41: =IF(X41="జగన్ మోహన్ రెడ్డి గారు",1,-1) -> -1 | AS41: =IF(AA41="YSRCP (వైఎస్‌ఆర్‌సీపీ)",1,-1) -> -1 | AT41: =IF(Z41="YSRCP (వైఎస్‌ఆర్‌సీపీ)",1,-1) -> -1 | AU41: =AO41+AP41+AQ41+AR41+(0.5*AS41)+AT41 -> -5.5 | AV41: =SUM(Table1[[#This Row],[Satis]:[29]]) -> -6 | AW41: =AO41+AQ41+AR41+AS41+AT41 -> -5 | AX41: =AQ41+AR41+AS41+AT41 -> -4 | AY41: =IF(AND(AO41=1,AS41=1,AT41=1),3,IF(AND(AO41=-1,AS41=-1,AT41=-1),-3,IF(AND(AO41=1,AS41=-1,AT41=1),2,IF(AND(AO41=-1,AS41=1,AT41=-1),-2,IF(AND(AS41=1,AT41=1),2,IF(AND(AS41=-1,AT41=-1),-2,"ND")))))) -> -3 | AZ41: =IFERROR(IF(AV41=6,"YSRCP HardCore",IF(AV41=-6,"TDP HardCore",IF(AW41>=4,"YSRCP Sympathiser",IF(AW41<=-4,"TDP Sympathiser",IF(AX41>=3,"YSRCP Sympathiser",IF(AX41<=-3,"TDP Sympathiser",IF(AY41="ND","ND",IF(AY41>=2,"Neutral YSRCP",IF(AY41<=-2,"Neutral TDP",0))))))))),"ND") -> TDP HardCore
A42: 7a45ae86-26b9-4d46-8d13-61c8c423e93f | B42: 46042 | C42: 1/20/2026, 1:00:04 PM | D42: 16.513925, 81.907753 | E42: Pedapattanam-Mamidikuduru Road, Pedapatnam, Andhra Pradesh, India | F42: ITABATHULA BHASKAR RAO | G42: Naeem | H42: http://164.52.221.216/localmedia/media/surveys/samples/recording_2026-01-20_12-53-29_samples_om0zZXsRk5.mp4 | I42: Mala | J42: MAMIDIKUDURU_PART | K42: PEDAPATNAM | L42: వ్యాపారం | M42: హిందూ | N42: 41-59 | O42: srinuvasararao | P42: 8639391252 | Q42: Male | R42: కరెంట్ | S42: బాగాలేదు | T42: బాగాలేదు | U42: అమలవడం లేదు | V42: జగన్ మోహన్ రెడ్డి గారు | W42: వ్యవసాయం-రైతు బాగుండడం | X42: జగన్ మోహన్ రెడ్డి గారు | Y42: సరైన పార్టీకి వేసాను | Z42: YSRCP (వైఎస్‌ఆర్‌సీపీ) | AA42: YSRCP (వైఎస్‌ఆర్‌సీపీ) | AB42: నాకు తెలీదు/ ఏమి చెప్పలేను | AC42: No response | AD42: Bhagya | AE42: Audio Not Playing/ Inaudbile | AF42: Audio not clear due to background noise and Q12 response is not taken properly | AG42: Not Valid | AH42: =VLOOKUP(Table1[[#This Row],[Caste]],Factor!$H$1:$K$13,4,0) -> 1.3836275 | AI42: =IFERROR(VLOOKUP(Table1[[#This Row],[Q10: మీరు 2024 అసెంబ్లీ ఎన్నికలో ఏ పార్టీ కి వోట్ వేశారు?]],Factor!$D$22:$H$23,5,0),Factor!$H$24) -> 1.8055838 | AJ42: =Table1[[#This Row],[Factor_1]]*Table1[[#This Row],[2024 Factor]] -> 1.9482662 | AK42: =VLOOKUP(Table1[[#This Row],[Q18: Gender]],Factor!$A$33:$E$35,5,0) -> 0.85034014 | AL42: =VLOOKUP(Table1[[#This Row],[Taluka]],Factor!$A$42:$G$46,7,0) -> 0.7543378 | AM42: =VLOOKUP(Table1[[#This Row],[Caste]]&Table1[[#This Row],[Q18: Gender]],Factor!$W$1:$X$23,2,0) -> 1.0790229 | AN42: =VLOOKUP(Table1[[#This Row],[Taluka]]&Table1[[#This Row],[Caste]]&Table1[[#This Row],[Q18: Gender]],Factor!$AK$4:$AL$93,2,0) -> 0.52423487 | AO42: =IF(T42="బాగుంది",-1,1) -> 1 | AP42: =IF(U42="అమలవడం లేదు",1,-1) -> 1 | AQ42: =IF(V42="జగన్ మోహన్ రెడ్డి గారు",1,-1) -> 1 | AR42: =IF(X42="జగన్ మోహన్ రెడ్డి గారు",1,-1) -> 1 | AS42: =IF(AA42="YSRCP (వైఎస్‌ఆర్‌సీపీ)",1,-1) -> 1 | AT42: =IF(Z42="YSRCP (వైఎస్‌ఆర్‌సీపీ)",1,-1) -> 1 | AU42: =AO42+AP42+AQ42+AR42+(0.5*AS42)+AT42 -> 5.5 | AV42: =SUM(Table1[[#This Row],[Satis]:[29]]) -> 6 | AW42: =AO42+AQ42+AR42+AS42+AT42 -> 5 | AX42: =AQ42+AR42+AS42+AT42 -> 4 | AY42: =IF(AND(AO42=1,AS42=1,AT42=1),3,IF(AND(AO42=-1,AS42=-1,AT42=-1),-3,IF(AND(AO42=1,AS42=-1,AT42=1),2,IF(AND(AO42=-1,AS42=1,AT42=-1),-2,IF(AND(AS42=1,AT42=1),2,IF(AND(AS42=-1,AT42=-1),-2,"ND")))))) -> 3 | AZ42: =IFERROR(IF(AV42=6,"YSRCP HardCore",IF(AV42=-6,"TDP HardCore",IF(AW42>=4,"YSRCP Sympathiser",IF(AW42<=-4,"TDP Sympathiser",IF(AX42>=3,"YSRCP Sympathiser",IF(AX42<=-3,"TDP Sympathiser",IF(AY42="ND","ND",IF(AY42>=2,"Neutral YSRCP",IF(AY42<=-2,"Neutral TDP",0))))))))),"ND") -> YSRCP HardCore
A43: afbdd9a6-02bb-45a7-87b8-6c42fad9313e | B43: 46042 | C43: 1/20/2026, 12:03:51 PM | D43: 16.546793, 81.924383 | E43: GWWG+P3W, Peddapatnamlanka, Andhra Pradesh, India | F43: aithabattula venkateswararao | G43: Naeem | H43: http://164.52.221.216/localmedia/media/surveys/samples/recording_2026-01-20_12-00-27_samples_PqrXkyGst1.mp4 | I43: Settibalija | J43: MAMIDIKUDURU_PART | K43: PEDAPATNAM LANKA | L43: వ్యవసాయం | M43: హిందూ | N43: 60+ | O43: m. nagabushanam rao | P43: 9603131936 | Q43: Male | R43: త్రాగునీరు | S43: బాగుంది | T43: బాగుంది | U43: అమలవడం లేదు | V43: జగన్ మోహన్ రెడ్డి గారు | W43: ఉద్యొగ్య అవకాశాలు కల్పించటం,శాంతి భద్రతలను కాపాడటం,ఆరోగ్య రంగం అభివృద్ధి చేయటం | X43: జగన్ మోహన్ రెడ్డి గారు | Y43: సరైన పార్టీకి వేసాను | Z43: Others (ఇతరులు) | AA43: TDP/JSP/BJP (కూటమి) | AB43: No response | AC43: No response | AD43: Deepika | AE43: Correctly Done | AF43: 0 | AG43: Valid | AH43: =VLOOKUP(Table1[[#This Row],[Caste]],Factor!$H$1:$K$13,4,0) -> 1.1705128 | AI43: =IFERROR(VLOOKUP(Table1[[#This Row],[Q10: మీరు 2024 అసెంబ్లీ ఎన్నికలో ఏ పార్టీ కి వోట్ వేశారు?]],Factor!$D$22:$H$23,5,0),Factor!$H$24) -> 1.0795332 | AJ43: =Table1[[#This Row],[Factor_1]]*Table1[[#This Row],[2024 Factor]] -> 0.86308903 | AK43: =VLOOKUP(Table1[[#This Row],[Q18: Gender]],Factor!$A$33:$E$35,5,0) -> 0.85034014 | AL43: =VLOOKUP(Table1[[#This Row],[Taluka]],Factor!$A$42:$G$46,7,0) -> 0.7543378 | AM43: =VLOOKUP(Table1[[#This Row],[Caste]]&Table1[[#This Row],[Q18: Gender]],Factor!$W$1:$X$23,2,0) -> 0.79950206 | AN43: =VLOOKUP(Table1[[#This Row],[Taluka]]&Table1[[#This Row],[Caste]]&Table1[[#This Row],[Q18: Gender]],Factor!$AK$4:$AL$93,2,0) -> 0.40257772 | AO43: =IF(T43="బాగుంది",-1,1) -> -1 | AP43: =IF(U43="అమలవడం లేదు",1,-1) -> 1 | AQ43: =IF(V43="జగన్ మోహన్ రెడ్డి గారు",1,-1) -> 1 | AR43: =IF(X43="జగన్ మోహన్ రెడ్డి గారు",1,-1) -> 1 | AS43: =IF(AA43="YSRCP (వైఎస్‌ఆర్‌సీపీ)",1,-1) -> -1 | AT43: =IF(Z43="YSRCP (వైఎస్‌ఆర్‌సీపీ)",1,-1) -> -1 | AU43: =AO43+AP43+AQ43+AR43+(0.5*AS43)+AT43 -> 0.5 | AV43: =SUM(Table1[[#This Row],[Satis]:[29]]) -> 0 | AW43: =AO43+AQ43+AR43+AS43+AT43 -> -1 | AX43: =AQ43+AR43+AS43+AT43 -> 0 | AY43: =IF(AND(AO43=1,AS43=1,AT43=1),3,IF(AND(AO43=-1,AS43=-1,AT43=-1),-3,IF(AND(AO43=1,AS43=-1,AT43=1),2,IF(AND(AO43=-1,AS43=1,AT43=-1),-2,IF(AND(AS43=1,AT43=1),2,IF(AND(AS43=-1,AT43=-1),-2,"ND")))))) -> -3 | AZ43: =IFERROR(IF(AV43=6,"YSRCP HardCore",IF(AV43=-6,"TDP HardCore",IF(AW43>=4,"YSRCP Sympathiser",IF(AW43<=-4,"TDP Sympathiser",IF(AX43>=3,"YSRCP Sympathiser",IF(AX43<=-3,"TDP Sympathiser",IF(AY43="ND","ND",IF(AY43>=2,"Neutral YSRCP",IF(AY43<=-2,"Neutral TDP",0))))))))),"ND") -> Neutral TDP
A44: f5e4b9b6-47b3-4b11-9059-7b1e15f03e98 | B44: 46042 | C44: 1/20/2026, 1:17:37 PM | D44: 16.513763, 81.907835 | E44: Pedapattanam-Mamidikuduru Road, Pedapatnam, Andhra Pradesh, India | F44: ITABATHULA BHASKAR RAO | G44: Naeem | H44: http://164.52.221.216/localmedia/media/surveys/samples/recording_2026-01-20_13-12-28_samples_ldnrprTGEO.mp4 | I44: Mala | J44: MAMIDIKUDURU_PART | K44: PEDAPATNAM | L44: విద్యార్థి | M44: హిందూ | N44: 18-25 | O44: anil | P44: 7993098485 | Q44: Male | R44: డ్రైనేజి | S44: బాగాలేదు | T44: బాగాలేదు | U44: అమలవడం లేదు | V44: జగన్ మోహన్ రెడ్డి గారు | W44: ఉద్యొగ్య అవకాశాలు కల్పించటం | X44: జగన్ మోహన్ రెడ్డి గారు | Y44: సరైన పార్టీకి వేసాను | Z44: YSRCP (వైఎస్‌ఆర్‌సీపీ) | AA44: YSRCP (వైఎస్‌ఆర్‌సీపీ) | AB44: నాకు తెలీదు/ ఏమి చెప్పలేను | AC44: Pamula Rajeswari Devi | AD44: Bhagya | AE44: Not Doing It Properly | AF44: Q12 response was not said properly by the respondent | AG44: Valid | AH44: =VLOOKUP(Table1[[#This Row],[Caste]],Factor!$H$1:$K$13,4,0) -> 1.3836275 | AI44: =IFERROR(VLOOKUP(Table1[[#This Row],[Q10: మీరు 2024 అసెంబ్లీ ఎన్నికలో ఏ పార్టీ కి వోట్ వేశారు?]],Factor!$D$22:$H$23,5,0),Factor!$H$24) -> 1.8055838 | AJ44: =Table1[[#This Row],[Factor_1]]*Table1[[#This Row],[2024 Factor]] -> 1.9482662 | AK44: =VLOOKUP(Table1[[#This Row],[Q18: Gender]],Factor!$A$33:$E$35,5,0) -> 0.85034014 | AL44: =VLOOKUP(Table1[[#This Row],[Taluka]],Factor!$A$42:$G$46,7,0) -> 0.7543378 | AM44: =VLOOKUP(Table1[[#This Row],[Caste]]&Table1[[#This Row],[Q18: Gender]],Factor!$W$1:$X$23,2,0) -> 1.0790229 | AN44: =VLOOKUP(Table1[[#This Row],[Taluka]]&Table1[[#This Row],[Caste]]&Table1[[#This Row],[Q18: Gender]],Factor!$AK$4:$AL$93,2,0) -> 0.52423487 | AO44: =IF(T44="బాగుంది",-1,1) -> 1 | AP44: =IF(U44="అమలవడం లేదు",1,-1) -> 1 | AQ44: =IF(V44="జగన్ మోహన్ రెడ్డి గారు",1,-1) -> 1 | AR44: =IF(X44="జగన్ మోహన్ రెడ్డి గారు",1,-1) -> 1 | AS44: =IF(AA44="YSRCP (వైఎస్‌ఆర్‌సీపీ)",1,-1) -> 1 | AT44: =IF(Z44="YSRCP (వైఎస్‌ఆర్‌సీపీ)",1,-1) -> 1 | AU44: =AO44+AP44+AQ44+AR44+(0.5*AS44)+AT44 -> 5.5 | AV44: =SUM(Table1[[#This Row],[Satis]:[29]]) -> 6 | AW44: =AO44+AQ44+AR44+AS44+AT44 -> 5 | AX44: =AQ44+AR44+AS44+AT44 -> 4 | AY44: =IF(AND(AO44=1,AS44=1,AT44=1),3,IF(AND(AO44=-1,AS44=-1,AT44=-1),-3,IF(AND(AO44=1,AS44=-1,AT44=1),2,IF(AND(AO44=-1,AS44=1,AT44=-1),-2,IF(AND(AS44=1,AT44=1),2,IF(AND(AS44=-1,AT44=-1),-2,"ND")))))) -> 3 | AZ44: =IFERROR(IF(AV44=6,"YSRCP HardCore",IF(AV44=-6,"TDP HardCore",IF(AW44>=4,"YSRCP Sympathiser",IF(AW44<=-4,"TDP Sympathiser",IF(AX44>=3,"YSRCP Sympathiser",IF(AX44<=-3,"TDP Sympathiser",IF(AY44="ND","ND",IF(AY44>=2,"Neutral YSRCP",IF(AY44<=-2,"Neutral TDP",0))))))))),"ND") -> YSRCP HardCore
A45: 64288692-5a1d-44c7-a3c0-fe840f8a30c2 | B45: 46042 | C45: 1/20/2026, 12:26:51 PM | D45: 16.546797, 81.932949 | E45: Highschool road, Peddapatnamlanka, Andhra Pradesh, India | F45: aithabattula venkateswararao | G45: Naeem | H45: http://164.52.221.216/localmedia/media/surveys/samples/recording_2026-01-20_12-23-24_samples_j0ERlee0SN.mp4 | I45: Kapu | J45: MAMIDIKUDURU_PART | K45: PEDAPATNAM LANKA | L45: వ్యవసాయం | M45: హిందూ | N45: 60+ | O45: kommula swami naidu | P45: 9999999999 | Q45: Male | R45: రోడ్లు | S45: బాగాలేదు | T45: బాగాలేదు | U45: అమలవడం లేదు | V45: జగన్ మోహన్ రెడ్డి గారు | W45: ఉద్యొగ్య అవకాశాలు కల్పించటం,విద్య రంగం అభివృద్ధి చేయటం,ఆరోగ్య రంగం అభివృద్ధి చేయటం | X45: జగన్ మోహన్ రెడ్డి గారు | Y45: సరైన పార్టీకి వేసాను | Z45: YSRCP (వైఎస్‌ఆర్‌సీపీ) | AA45: YSRCP (వైఎస్‌ఆర్‌సీపీ) | AB45: నాకు తెలీదు/ ఏమి చెప్పలేను | AC45: Pamula Rajeswari Devi | AD45: Bhagya | AE45: Correctly Done | AF45: 0 | AG45: Valid | AH45: =VLOOKUP(Table1[[#This Row],[Caste]],Factor!$H$1:$K$13,4,0) -> 1.1461626 | AI45: =IFERROR(VLOOKUP(Table1[[#This Row],[Q10: మీరు 2024 అసెంబ్లీ ఎన్నికలో ఏ పార్టీ కి వోట్ వేశారు?]],Factor!$D$22:$H$23,5,0),Factor!$H$24) -> 1.8055838 | AJ45: =Table1[[#This Row],[Factor_1]]*Table1[[#This Row],[2024 Factor]] -> 1.2999325 | AK45: =VLOOKUP(Table1[[#This Row],[Q18: Gender]],Factor!$A$33:$E$35,5,0) -> 0.85034014 | AL45: =VLOOKUP(Table1[[#This Row],[Taluka]],Factor!$A$42:$G$46,7,0) -> 0.7543378 | AM45: =VLOOKUP(Table1[[#This Row],[Caste]]&Table1[[#This Row],[Q18: Gender]],Factor!$W$1:$X$23,2,0) -> 0.71995135 | AN45: =VLOOKUP(Table1[[#This Row],[Taluka]]&Table1[[#This Row],[Caste]]&Table1[[#This Row],[Q18: Gender]],Factor!$AK$4:$AL$93,2,0) -> 0.55527787 | AO45: =IF(T45="బాగుంది",-1,1) -> 1 | AP45: =IF(U45="అమలవడం లేదు",1,-1) -> 1 | AQ45: =IF(V45="జగన్ మోహన్ రెడ్డి గారు",1,-1) -> 1 | AR45: =IF(X45="జగన్ మోహన్ రెడ్డి గారు",1,-1) -> 1 | AS45: =IF(AA45="YSRCP (వైఎస్‌ఆర్‌సీపీ)",1,-1) -> 1 | AT45: =IF(Z45="YSRCP (వైఎస్‌ఆర్‌సీపీ)",1,-1) -> 1 | AU45: =AO45+AP45+AQ45+AR45+(0.5*AS45)+AT45 -> 5.5 | AV45: =SUM(Table1[[#This Row],[Satis]:[29]]) -> 6 | AW45: =AO45+AQ45+AR45+AS45+AT45 -> 5 | AX45: =AQ45+AR45+AS45+AT45 -> 4 | AY45: =IF(AND(AO45=1,AS45=1,AT45=1),3,IF(AND(AO45=-1,AS45=-1,AT45=-1),-3,IF(AND(AO45=1,AS45=-1,AT45=1),2,IF(AND(AO45=-1,AS45=1,AT45=-1),-2,IF(AND(AS45=1,AT45=1),2,IF(AND(AS45=-1,AT45=-1),-2,"ND")))))) -> 3 | AZ45: =IFERROR(IF(AV45=6,"YSRCP HardCore",IF(AV45=-6,"TDP HardCore",IF(AW45>=4,"YSRCP Sympathiser",IF(AW45<=-4,"TDP Sympathiser",IF(AX45>=3,"YSRCP Sympathiser",IF(AX45<=-3,"TDP Sympathiser",IF(AY45="ND","ND",IF(AY45>=2,"Neutral YSRCP",IF(AY45<=-2,"Neutral TDP",0))))))))),"ND") -> YSRCP HardCore
A46: e16abbd3-3b93-43b3-a066-4d64f297395a | B46: 46042 | C46: 1/20/2026, 1:41:30 PM | D46: 16.511161, 81.908970 | E46: GW65+JP, Mamidikududru, Andhra Pradesh, India | F46: ITABATHULA BHASKAR RAO | G46: Naeem | H46: http://164.52.221.216/localmedia/media/surveys/samples/recording_2026-01-20_13-35-16_samples_jRDLjbU91o.mp4 | I46: Mala | J46: MAMIDIKUDURU_PART | K46: PEDAPATNAM | L46: ప్రైవేట్ ఉద్యోగం | M46: హిందూ | N46: 41-59 | O46: krishnarao | P46: 8977463362 | Q46: Male | R46: రోడ్లు | S46: బాగుంది | T46: బాగాలేదు | U46: అమలవడం లేదు | V46: జగన్ మోహన్ రెడ్డి గారు | W46: విద్య రంగం అభివృద్ధి చేయటం | X46: జగన్ మోహన్ రెడ్డి గారు | Y46: సరైన పార్టీకి వేసాను | Z46: YSRCP (వైఎస్‌ఆర్‌సీపీ) | AA46: YSRCP (వైఎస్‌ఆర్‌సీపీ) | AB46: నాకు తెలీదు/ ఏమి చెప్పలేను | AC46: Gollapalli Sridhar | AD46: Deepika | AE46: Not Doing It Properly | AF46: Q12 kept his own | AG46: Valid | AH46: =VLOOKUP(Table1[[#This Row],[Caste]],Factor!$H$1:$K$13,4,0) -> 1.3836275 | AI46: =IFERROR(VLOOKUP(Table1[[#This Row],[Q10: మీరు 2024 అసెంబ్లీ ఎన్నికలో ఏ పార్టీ కి వోట్ వేశారు?]],Factor!$D$22:$H$23,5,0),Factor!$H$24) -> 1.8055838 | AJ46: =Table1[[#This Row],[Factor_1]]*Table1[[#This Row],[2024 Factor]] -> 1.9482662 | AK46: =VLOOKUP(Table1[[#This Row],[Q18: Gender]],Factor!$A$33:$E$35,5,0) -> 0.85034014 | AL46: =VLOOKUP(Table1[[#This Row],[Taluka]],Factor!$A$42:$G$46,7,0) -> 0.7543378 | AM46: =VLOOKUP(Table1[[#This Row],[Caste]]&Table1[[#This Row],[Q18: Gender]],Factor!$W$1:$X$23,2,0) -> 1.0790229 | AN46: =VLOOKUP(Table1[[#This Row],[Taluka]]&Table1[[#This Row],[Caste]]&Table1[[#This Row],[Q18: Gender]],Factor!$AK$4:$AL$93,2,0) -> 0.52423487 | AO46: =IF(T46="బాగుంది",-1,1) -> 1 | AP46: =IF(U46="అమలవడం లేదు",1,-1) -> 1 | AQ46: =IF(V46="జగన్ మోహన్ రెడ్డి గారు",1,-1) -> 1 | AR46: =IF(X46="జగన్ మోహన్ రెడ్డి గారు",1,-1) -> 1 | AS46: =IF(AA46="YSRCP (వైఎస్‌ఆర్‌సీపీ)",1,-1) -> 1 | AT46: =IF(Z46="YSRCP (వైఎస్‌ఆర్‌సీపీ)",1,-1) -> 1 | AU46: =AO46+AP46+AQ46+AR46+(0.5*AS46)+AT46 -> 5.5 | AV46: =SUM(Table1[[#This Row],[Satis]:[29]]) -> 6 | AW46: =AO46+AQ46+AR46+AS46+AT46 -> 5 | AX46: =AQ46+AR46+AS46+AT46 -> 4 | AY46: =IF(AND(AO46=1,AS46=1,AT46=1),3,IF(AND(AO46=-1,AS46=-1,AT46=-1),-3,IF(AND(AO46=1,AS46=-1,AT46=1),2,IF(AND(AO46=-1,AS46=1,AT46=-1),-2,IF(AND(AS46=1,AT46=1),2,IF(AND(AS46=-1,AT46=-1),-2,"ND")))))) -> 3 | AZ46: =IFERROR(IF(AV46=6,"YSRCP HardCore",IF(AV46=-6,"TDP HardCore",IF(AW46>=4,"YSRCP Sympathiser",IF(AW46<=-4,"TDP Sympathiser",IF(AX46>=3,"YSRCP Sympathiser",IF(AX46<=-3,"TDP Sympathiser",IF(AY46="ND","ND",IF(AY46>=2,"Neutral YSRCP",IF(AY46<=-2,"Neutral TDP",0))))))))),"ND") -> YSRCP HardCore
A47: 0d19d77f-58f0-4bac-8ee3-f3a36c09fa7f | B47: 46042 | C47: 1/20/2026, 2:07:01 PM | D47: 16.513600, 81.907709 | E47: Nagaram - Pedapatnam Rd, Dr. B. R. Ambedkar Konseema, Andhra Pradesh, India | F47: ITABATHULA BHASKAR RAO | G47: Naeem | H47: http://164.52.221.216/localmedia/media/surveys/samples/recording_2026-01-20_13-59-56_samples_AyHewO5iJa.mp4 | I47: Mala | J47: MAMIDIKUDURU_PART | K47: PEDAPATNAM | L47: కార్మిక/రోజువారీ కూలీ | M47: హిందూ | N47: 26-40 | O47: raju | P47: 9032257054 | Q47: Male | R47: రోడ్లు | S47: బాగాలేదు | T47: బాగాలేదు | U47: అమలుఅవుతున్నాయి | V47: జగన్ మోహన్ రెడ్డి గారు | W47: రోడ్లు వేయటం | X47: జగన్ మోహన్ రెడ్డి గారు | Y47: సరైన పార్టీకి వేసాను | Z47: TDP/JSP/BJP (కూటమి | AA47: TDP/JSP/BJP (కూటమి) | AB47: No response | AC47: No response | AD47: Deepika | AE47: Not Doing It Properly | AF47: Q4,5,6,9,10 kept his own | AG47: Valid | AH47: =VLOOKUP(Table1[[#This Row],[Caste]],Factor!$H$1:$K$13,4,0) -> 1.3836275 | AI47: =IFERROR(VLOOKUP(Table1[[#This Row],[Q10: మీరు 2024 అసెంబ్లీ ఎన్నికలో ఏ పార్టీ కి వోట్ వేశారు?]],Factor!$D$22:$H$23,5,0),Factor!$H$24) -> 1.0795332 | AJ47: =Table1[[#This Row],[Factor_1]]*Table1[[#This Row],[2024 Factor]] -> 1.1648411 | AK47: =VLOOKUP(Table1[[#This Row],[Q18: Gender]],Factor!$A$33:$E$35,5,0) -> 0.85034014 | AL47: =VLOOKUP(Table1[[#This Row],[Taluka]],Factor!$A$42:$G$46,7,0) -> 0.7543378 | AM47: =VLOOKUP(Table1[[#This Row],[Caste]]&Table1[[#This Row],[Q18: Gender]],Factor!$W$1:$X$23,2,0) -> 1.0790229 | AN47: =VLOOKUP(Table1[[#This Row],[Taluka]]&Table1[[#This Row],[Caste]]&Table1[[#This Row],[Q18: Gender]],Factor!$AK$4:$AL$93,2,0) -> 0.52423487 | AO47: =IF(T47="బాగుంది",-1,1) -> 1 | AP47: =IF(U47="అమలవడం లేదు",1,-1) -> -1 | AQ47: =IF(V47="జగన్ మోహన్ రెడ్డి గారు",1,-1) -> 1 | AR47: =IF(X47="జగన్ మోహన్ రెడ్డి గారు",1,-1) -> 1 | AS47: =IF(AA47="YSRCP (వైఎస్‌ఆర్‌సీపీ)",1,-1) -> -1 | AT47: =IF(Z47="YSRCP (వైఎస్‌ఆర్‌సీపీ)",1,-1) -> -1 | AU47: =AO47+AP47+AQ47+AR47+(0.5*AS47)+AT47 -> 0.5 | AV47: =SUM(Table1[[#This Row],[Satis]:[29]]) -> 0 | AW47: =AO47+AQ47+AR47+AS47+AT47 -> 1 | AX47: =AQ47+AR47+AS47+AT47 -> 0 | AY47: =IF(AND(AO47=1,AS47=1,AT47=1),3,IF(AND(AO47=-1,AS47=-1,AT47=-1),-3,IF(AND(AO47=1,AS47=-1,AT47=1),2,IF(AND(AO47=-1,AS47=1,AT47=-1),-2,IF(AND(AS47=1,AT47=1),2,IF(AND(AS47=-1,AT47=-1),-2,"ND")))))) -> -2 | AZ47: =IFERROR(IF(AV47=6,"YSRCP HardCore",IF(AV47=-6,"TDP HardCore",IF(AW47>=4,"YSRCP Sympathiser",IF(AW47<=-4,"TDP Sympathiser",IF(AX47>=3,"YSRCP Sympathiser",IF(AX47<=-3,"TDP Sympathiser",IF(AY47="ND","ND",IF(AY47>=2,"Neutral YSRCP",IF(AY47<=-2,"Neutral TDP",0))))))))),"ND") -> Neutral TDP
A48: 9f58cfc4-22ce-4910-9544-e6aa011f1844 | B48: 46042 | C48: 1/20/2026, 2:07:02 PM | D48: 16.513600, 81.907709 | E48: Nagaram - Pedapatnam Rd, Dr. B. R. Ambedkar Konseema, Andhra Pradesh, India | F48: ITABATHULA BHASKAR RAO | G48: Naeem | H48: http://164.52.221.216/localmedia/media/surveys/samples/recording_2026-01-20_13-59-56_samples_ZztLu0zl5J.mp4 | I48: Mala | J48: MAMIDIKUDURU_PART | K48: PEDAPATNAM | L48: కార్మిక/రోజువారీ కూలీ | M48: హిందూ | N48: 26-40 | O48: raju | P48: 9032257054 | Q48: Male | R48: రోడ్లు | S48: బాగాలేదు | T48: బాగాలేదు | U48: అమలుఅవుతున్నాయి | V48: జగన్ మోహన్ రెడ్డి గారు | W48: రోడ్లు వేయటం | X48: జగన్ మోహన్ రెడ్డి గారు | Y48: సరైన పార్టీకి వేసాను | Z48: TDP/JSP/BJP (కూటమి | AA48: TDP/JSP/BJP (కూటమి) | AB48: No response | AC48: No response | AD48: 0 | AE48: Correctly Done | AF48: 0 | AG48: Valid | AH48: =VLOOKUP(Table1[[#This Row],[Caste]],Factor!$H$1:$K$13,4,0) -> 1.3836275 | AI48: =IFERROR(VLOOKUP(Table1[[#This Row],[Q10: మీరు 2024 అసెంబ్లీ ఎన్నికలో ఏ పార్టీ కి వోట్ వేశారు?]],Factor!$D$22:$H$23,5,0),Factor!$H$24) -> 1.0795332 | AJ48: =Table1[[#This Row],[Factor_1]]*Table1[[#This Row],[2024 Factor]] -> 1.1648411 | AK48: =VLOOKUP(Table1[[#This Row],[Q18: Gender]],Factor!$A$33:$E$35,5,0) -> 0.85034014 | AL48: =VLOOKUP(Table1[[#This Row],[Taluka]],Factor!$A$42:$G$46,7,0) -> 0.7543378 | AM48: =VLOOKUP(Table1[[#This Row],[Caste]]&Table1[[#This Row],[Q18: Gender]],Factor!$W$1:$X$23,2,0) -> 1.0790229 | AN48: =VLOOKUP(Table1[[#This Row],[Taluka]]&Table1[[#This Row],[Caste]]&Table1[[#This Row],[Q18: Gender]],Factor!$AK$4:$AL$93,2,0) -> 0.52423487 | AO48: =IF(T48="బాగుంది",-1,1) -> 1 | AP48: =IF(U48="అమలవడం లేదు",1,-1) -> -1 | AQ48: =IF(V48="జగన్ మోహన్ రెడ్డి గారు",1,-1) -> 1 | AR48: =IF(X48="జగన్ మోహన్ రెడ్డి గారు",1,-1) -> 1 | AS48: =IF(AA48="YSRCP (వైఎస్‌ఆర్‌సీపీ)",1,-1) -> -1 | AT48: =IF(Z48="YSRCP (వైఎస్‌ఆర్‌సీపీ)",1,-1) -> -1 | AU48: =AO48+AP48+AQ48+AR48+(0.5*AS48)+AT48 -> 0.5 | AV48: =SUM(Table1[[#This Row],[Satis]:[29]]) -> 0 | AW48: =AO48+AQ48+AR48+AS48+AT48 -> 1 | AX48: =AQ48+AR48+AS48+AT48 -> 0 | AY48: =IF(AND(AO48=1,AS48=1,AT48=1),3,IF(AND(AO48=-1,AS48=-1,AT48=-1),-3,IF(AND(AO48=1,AS48=-1,AT48=1),2,IF(AND(AO48=-1,AS48=1,AT48=-1),-2,IF(AND(AS48=1,AT48=1),2,IF(AND(AS48=-1,AT48=-1),-2,"ND")))))) -> -2 | AZ48: =IFERROR(IF(AV48=6,"YSRCP HardCore",IF(AV48=-6,"TDP HardCore",IF(AW48>=4,"YSRCP Sympathiser",IF(AW48<=-4,"TDP Sympathiser",IF(AX48>=3,"YSRCP Sympathiser",IF(AX48<=-3,"TDP Sympathiser",IF(AY48="ND","ND",IF(AY48>=2,"Neutral YSRCP",IF(AY48<=-2,"Neutral TDP",0))))))))),"ND") -> Neutral TDP
A49: 23a5a94e-02e6-4cb6-846f-c51d79f5cbad | B49: 46042 | C49: 1/20/2026, 2:07:07 PM | D49: 16.513600, 81.907709 | E49: Nagaram - Pedapatnam Rd, Dr. B. R. Ambedkar Konseema, Andhra Pradesh, India | F49: ITABATHULA BHASKAR RAO | G49: Naeem | H49: http://164.52.221.216/localmedia/media/surveys/samples/recording_2026-01-20_13-59-56_samples_iv8aU0OGb5.mp4 | I49: Mala | J49: MAMIDIKUDURU_PART | K49: PEDAPATNAM | L49: కార్మిక/రోజువారీ కూలీ | M49: హిందూ | N49: 26-40 | O49: raju | P49: 9032257054 | Q49: Male | R49: రోడ్లు | S49: బాగాలేదు | T49: బాగాలేదు | U49: అమలుఅవుతున్నాయి | V49: జగన్ మోహన్ రెడ్డి గారు | W49: రోడ్లు వేయటం | X49: జగన్ మోహన్ రెడ్డి గారు | Y49: సరైన పార్టీకి వేసాను | Z49: TDP/JSP/BJP (కూటమి | AA49: TDP/JSP/BJP (కూటమి) | AB49: No response | AC49: No response | AD49: 0 | AE49: Correctly Done | AF49: 0 | AG49: Valid | AH49: =VLOOKUP(Table1[[#This Row],[Caste]],Factor!$H$1:$K$13,4,0) -> 1.3836275 | AI49: =IFERROR(VLOOKUP(Table1[[#This Row],[Q10: మీరు 2024 అసెంబ్లీ ఎన్నికలో ఏ పార్టీ కి వోట్ వేశారు?]],Factor!$D$22:$H$23,5,0),Factor!$H$24) -> 1.0795332 | AJ49: =Table1[[#This Row],[Factor_1]]*Table1[[#This Row],[2024 Factor]] -> 1.1648411 | AK49: =VLOOKUP(Table1[[#This Row],[Q18: Gender]],Factor!$A$33:$E$35,5,0) -> 0.85034014 | AL49: =VLOOKUP(Table1[[#This Row],[Taluka]],Factor!$A$42:$G$46,7,0) -> 0.7543378 | AM49: =VLOOKUP(Table1[[#This Row],[Caste]]&Table1[[#This Row],[Q18: Gender]],Factor!$W$1:$X$23,2,0) -> 1.0790229 | AN49: =VLOOKUP(Table1[[#This Row],[Taluka]]&Table1[[#This Row],[Caste]]&Table1[[#This Row],[Q18: Gender]],Factor!$AK$4:$AL$93,2,0) -> 0.52423487 | AO49: =IF(T49="బాగుంది",-1,1) -> 1 | AP49: =IF(U49="అమలవడం లేదు",1,-1) -> -1 | AQ49: =IF(V49="జగన్ మోహన్ రెడ్డి గారు",1,-1) -> 1 | AR49: =IF(X49="జగన్ మోహన్ రెడ్డి గారు",1,-1) -> 1 | AS49: =IF(AA49="YSRCP (వైఎస్‌ఆర్‌సీపీ)",1,-1) -> -1 | AT49: =IF(Z49="YSRCP (వైఎస్‌ఆర్‌సీపీ)",1,-1) -> -1 | AU49: =AO49+AP49+AQ49+AR49+(0.5*AS49)+AT49 -> 0.5 | AV49: =SUM(Table1[[#This Row],[Satis]:[29]]) -> 0 | AW49: =AO49+AQ49+AR49+AS49+AT49 -> 1 | AX49: =AQ49+AR49+AS49+AT49 -> 0 | AY49: =IF(AND(AO49=1,AS49=1,AT49=1),3,IF(AND(AO49=-1,AS49=-1,AT49=-1),-3,IF(AND(AO49=1,AS49=-1,AT49=1),2,IF(AND(AO49=-1,AS49=1,AT49=-1),-2,IF(AND(AS49=1,AT49=1),2,IF(AND(AS49=-1,AT49=-1),-2,"ND")))))) -> -2 | AZ49: =IFERROR(IF(AV49=6,"YSRCP HardCore",IF(AV49=-6,"TDP HardCore",IF(AW49>=4,"YSRCP Sympathiser",IF(AW49<=-4,"TDP Sympathiser",IF(AX49>=3,"YSRCP Sympathiser",IF(AX49<=-3,"TDP Sympathiser",IF(AY49="ND","ND",IF(AY49>=2,"Neutral YSRCP",IF(AY49<=-2,"Neutral TDP",0))))))))),"ND") -> Neutral TDP
A50: 06ed762d-7794-416b-8e54-ab90eb3b79b3 | B50: 46042 | C50: 1/20/2026, 2:20:48 PM | D50: 16.509417, 81.908900 | E50: Nagaram - Pedapatnam Rd, Mamidikududru, Andhra Pradesh, India | F50: ITABATHULA BHASKAR RAO | G50: Naeem | H50: http://164.52.221.216/localmedia/media/surveys/samples/recording_2026-01-20_14-17-04_samples_uF2CiVVKWu.mp4 | I50: Settibalija | J50: MAMIDIKUDURU_PART | K50: PEDAPATNAM | L50: వ్యాపారం | M50: హిందూ | N50: 41-59 | O50: satyanarayana | P50: 7671079969 | Q50: Male | R50: డ్రైనేజి | S50: బాగుంది | T50: బాగాలేదు | U50: అమలవడం లేదు | V50: జగన్ మోహన్ రెడ్డి గారు | W50: ఉద్యొగ్య అవకాశాలు కల్పించటం | X50: జగన్ మోహన్ రెడ్డి గారు | Y50: సరైన పార్టీకి వేసాను | Z50: YSRCP (వైఎస్‌ఆర్‌సీపీ) | AA50: YSRCP (వైఎస్‌ఆర్‌సీపీ) | AB50: ఉన్నారు, వారినే కొనసాగించాలి | AC50: Pamula Rajeswari Devi | AD50: Ashish | AE50: Correctly Done | AF50: 0 | AG50: Valid | AH50: =VLOOKUP(Table1[[#This Row],[Caste]],Factor!$H$1:$K$13,4,0) -> 1.1705128 | AI50: =IFERROR(VLOOKUP(Table1[[#This Row],[Q10: మీరు 2024 అసెంబ్లీ ఎన్నికలో ఏ పార్టీ కి వోట్ వేశారు?]],Factor!$D$22:$H$23,5,0),Factor!$H$24) -> 1.8055838 | AJ50: =Table1[[#This Row],[Factor_1]]*Table1[[#This Row],[2024 Factor]] -> 1.4435679 | AK50: =VLOOKUP(Table1[[#This Row],[Q18: Gender]],Factor!$A$33:$E$35,5,0) -> 0.85034014 | AL50: =VLOOKUP(Table1[[#This Row],[Taluka]],Factor!$A$42:$G$46,7,0) -> 0.7543378 | AM50: =VLOOKUP(Table1[[#This Row],[Caste]]&Table1[[#This Row],[Q18: Gender]],Factor!$W$1:$X$23,2,0) -> 0.79950206 | AN50: =VLOOKUP(Table1[[#This Row],[Taluka]]&Table1[[#This Row],[Caste]]&Table1[[#This Row],[Q18: Gender]],Factor!$AK$4:$AL$93,2,0) -> 0.40257772 | AO50: =IF(T50="బాగుంది",-1,1) -> 1 | AP50: =IF(U50="అమలవడం లేదు",1,-1) -> 1 | AQ50: =IF(V50="జగన్ మోహన్ రెడ్డి గారు",1,-1) -> 1 | AR50: =IF(X50="జగన్ మోహన్ రెడ్డి గారు",1,-1) -> 1 | AS50: =IF(AA50="YSRCP (వైఎస్‌ఆర్‌సీపీ)",1,-1) -> 1 | AT50: =IF(Z50="YSRCP (వైఎస్‌ఆర్‌సీపీ)",1,-1) -> 1 | AU50: =AO50+AP50+AQ50+AR50+(0.5*AS50)+AT50 -> 5.5 | AV50: =SUM(Table1[[#This Row],[Satis]:[29]]) -> 6 | AW50: =AO50+AQ50+AR50+AS50+AT50 -> 5 | AX50: =AQ50+AR50+AS50+AT50 -> 4 | AY50: =IF(AND(AO50=1,AS50=1,AT50=1),3,IF(AND(AO50=-1,AS50=-1,AT50=-1),-3,IF(AND(AO50=1,AS50=-1,AT50=1),2,IF(AND(AO50=-1,AS50=1,AT50=-1),-2,IF(AND(AS50=1,AT50=1),2,IF(AND(AS50=-1,AT50=-1),-2,"ND")))))) -> 3 | AZ50: =IFERROR(IF(AV50=6,"YSRCP HardCore",IF(AV50=-6,"TDP HardCore",IF(AW50>=4,"YSRCP Sympathiser",IF(AW50<=-4,"TDP Sympathiser",IF(AX50>=3,"YSRCP Sympathiser",IF(AX50<=-3,"TDP Sympathiser",IF(AY50="ND","ND",IF(AY50>=2,"Neutral YSRCP",IF(AY50<=-2,"Neutral TDP",0))))))))),"ND") -> YSRCP HardCore
A51: 88d3a572-6ff2-4588-be3b-febf9feba269 | B51: 46042 | C51: 1/20/2026, 2:31:24 PM | D51: 16.508438, 81.911398 | E51: GW56+FHX, Mamidikududru, Andhra Pradesh, India | F51: ITABATHULA BHASKAR RAO | G51: Naeem | H51: http://164.52.221.216/localmedia/media/surveys/samples/recording_2026-01-20_14-25-33_samples_D7RJO7yB5H.mp4 | I51: Agnikulakshatriya | J51: MAMIDIKUDURU_PART | K51: PEDAPATNAM | L51: కార్మిక/రోజువారీ కూలీ | M51: హిందూ | N51: 41-59 | O51: subbararao | P51: 9999999999 | Q51: Male | R51: డ్రైనేజి | S51: బాగుంది | T51: బాగాలేదు | U51: అమలవడం లేదు | V51: జగన్ మోహన్ రెడ్డి గారు | W51: ఉద్యొగ్య అవకాశాలు కల్పించటం | X51: జగన్ మోహన్ రెడ్డి గారు | Y51: సరైన పార్టీకి వేసాను | Z51: YSRCP (వైఎస్‌ఆర్‌సీపీ) | AA51: YSRCP (వైఎస్‌ఆర్‌సీపీ) | AB51: ఉన్నారు, వారినే కొనసాగించాలి | AC51: Gollapalli Surya Rao | AD51: Ashish | AE51: Correctly Done | AF51: 0 | AG51: Valid | AH51: =VLOOKUP(Table1[[#This Row],[Caste]],Factor!$H$1:$K$13,4,0) -> 1.2612194 | AI51: =IFERROR(VLOOKUP(Table1[[#This Row],[Q10: మీరు 2024 అసెంబ్లీ ఎన్నికలో ఏ పార్టీ కి వోట్ వేశారు?]],Factor!$D$22:$H$23,5,0),Factor!$H$24) -> 1.8055838 | AJ51: =Table1[[#This Row],[Factor_1]]*Table1[[#This Row],[2024 Factor]] -> 1.5392437 | AK51: =VLOOKUP(Table1[[#This Row],[Q18: Gender]],Factor!$A$33:$E$35,5,0) -> 0.85034014 | AL51: =VLOOKUP(Table1[[#This Row],[Taluka]],Factor!$A$42:$G$46,7,0) -> 0.7543378 | AM51: =VLOOKUP(Table1[[#This Row],[Caste]]&Table1[[#This Row],[Q18: Gender]],Factor!$W$1:$X$23,2,0) -> 0.8524909 | AN51: =VLOOKUP(Table1[[#This Row],[Taluka]]&Table1[[#This Row],[Caste]]&Table1[[#This Row],[Q18: Gender]],Factor!$AK$4:$AL$93,2,0) -> 1.2935275 | AO51: =IF(T51="బాగుంది",-1,1) -> 1 | AP51: =IF(U51="అమలవడం లేదు",1,-1) -> 1 | AQ51: =IF(V51="జగన్ మోహన్ రెడ్డి గారు",1,-1) -> 1 | AR51: =IF(X51="జగన్ మోహన్ రెడ్డి గారు",1,-1) -> 1 | AS51: =IF(AA51="YSRCP (వైఎస్‌ఆర్‌సీపీ)",1,-1) -> 1 | AT51: =IF(Z51="YSRCP (వైఎస్‌ఆర్‌సీపీ)",1,-1) -> 1 | AU51: =AO51+AP51+AQ51+AR51+(0.5*AS51)+AT51 -> 5.5 | AV51: =SUM(Table1[[#This Row],[Satis]:[29]]) -> 6 | AW51: =AO51+AQ51+AR51+AS51+AT51 -> 5 | AX51: =AQ51+AR51+AS51+AT51 -> 4 | AY51: =IF(AND(AO51=1,AS51=1,AT51=1),3,IF(AND(AO51=-1,AS51=-1,AT51=-1),-3,IF(AND(AO51=1,AS51=-1,AT51=1),2,IF(AND(AO51=-1,AS51=1,AT51=-1),-2,IF(AND(AS51=1,AT51=1),2,IF(AND(AS51=-1,AT51=-1),-2,"ND")))))) -> 3 | AZ51: =IFERROR(IF(AV51=6,"YSRCP HardCore",IF(AV51=-6,"TDP HardCore",IF(AW51>=4,"YSRCP Sympathiser",IF(AW51<=-4,"TDP Sympathiser",IF(AX51>=3,"YSRCP Sympathiser",IF(AX51<=-3,"TDP Sympathiser",IF(AY51="ND","ND",IF(AY51>=2,"Neutral YSRCP",IF(AY51<=-2,"Neutral TDP",0))))))))),"ND") -> YSRCP HardCore
A52: d05a72e4-acd1-46a7-9e23-d8d67593dbd4 | B52: 46042 | C52: 1/20/2026, 3:02:34 PM | D52: 16.507260, 81.941756 | E52: GW4R+XFX, Pasarlapudi, Andhra Pradesh, India | F52: aithabattula venkateswararao | G52: Naeem | H52: http://164.52.221.216/localmedia/media/surveys/samples/recording_2026-01-20_14-58-53_samples_hUBAN3PYzC.mp4 | I52: Settibalija | J52: MAMIDIKUDURU_PART | K52: PASARLAPUDI LANKA | L52: వ్యవసాయం | M52: హిందూ | N52: 41-59 | O52: bala subramanyam | P52: 9010004837 | Q52: Male | R52: కరెంట్ | S52: బాగుంది | T52: బాగుంది | U52: అమలుఅవుతున్నాయి | V52: చంద్రబాబు నాయుడు గారు | W52: రోడ్లు వేయటం,విద్య రంగం అభివృద్ధి చేయటం,ఆరోగ్య రంగం అభివృద్ధి చేయటం | X52: చంద్రబాబు నాయుడు గారు | Y52: సరైన పార్టీకి వేసాను | Z52: TDP/JSP/BJP (కూటమి | AA52: TDP/JSP/BJP (కూటమి) | AB52: No response | AC52: No response | AD52: Ashish | AE52: Correctly Done | AF52: 0 | AG52: Valid | AH52: =VLOOKUP(Table1[[#This Row],[Caste]],Factor!$H$1:$K$13,4,0) -> 1.1705128 | AI52: =IFERROR(VLOOKUP(Table1[[#This Row],[Q10: మీరు 2024 అసెంబ్లీ ఎన్నికలో ఏ పార్టీ కి వోట్ వేశారు?]],Factor!$D$22:$H$23,5,0),Factor!$H$24) -> 1.0795332 | AJ52: =Table1[[#This Row],[Factor_1]]*Table1[[#This Row],[2024 Factor]] -> 0.86308903 | AK52: =VLOOKUP(Table1[[#This Row],[Q18: Gender]],Factor!$A$33:$E$35,5,0) -> 0.85034014 | AL52: =VLOOKUP(Table1[[#This Row],[Taluka]],Factor!$A$42:$G$46,7,0) -> 0.7543378 | AM52: =VLOOKUP(Table1[[#This Row],[Caste]]&Table1[[#This Row],[Q18: Gender]],Factor!$W$1:$X$23,2,0) -> 0.79950206 | AN52: =VLOOKUP(Table1[[#This Row],[Taluka]]&Table1[[#This Row],[Caste]]&Table1[[#This Row],[Q18: Gender]],Factor!$AK$4:$AL$93,2,0) -> 0.40257772 | AO52: =IF(T52="బాగుంది",-1,1) -> -1 | AP52: =IF(U52="అమలవడం లేదు",1,-1) -> -1 | AQ52: =IF(V52="జగన్ మోహన్ రెడ్డి గారు",1,-1) -> -1 | AR52: =IF(X52="జగన్ మోహన్ రెడ్డి గారు",1,-1) -> -1 | AS52: =IF(AA52="YSRCP (వైఎస్‌ఆర్‌సీపీ)",1,-1) -> -1 | AT52: =IF(Z52="YSRCP (వైఎస్‌ఆర్‌సీపీ)",1,-1) -> -1 | AU52: =AO52+AP52+AQ52+AR52+(0.5*AS52)+AT52 -> -5.5 | AV52: =SUM(Table1[[#This Row],[Satis]:[29]]) -> -6 | AW52: =AO52+AQ52+AR52+AS52+AT52 -> -5 | AX52: =AQ52+AR52+AS52+AT52 -> -4 | AY52: =IF(AND(AO52=1,AS52=1,AT52=1),3,IF(AND(AO52=-1,AS52=-1,AT52=-1),-3,IF(AND(AO52=1,AS52=-1,AT52=1),2,IF(AND(AO52=-1,AS52=1,AT52=-1),-2,IF(AND(AS52=1,AT52=1),2,IF(AND(AS52=-1,AT52=-1),-2,"ND")))))) -> -3 | AZ52: =IFERROR(IF(AV52=6,"YSRCP HardCore",IF(AV52=-6,"TDP HardCore",IF(AW52>=4,"YSRCP Sympathiser",IF(AW52<=-4,"TDP Sympathiser",IF(AX52>=3,"YSRCP Sympathiser",IF(AX52<=-3,"TDP Sympathiser",IF(AY52="ND","ND",IF(AY52>=2,"Neutral YSRCP",IF(AY52<=-2,"Neutral TDP",0))))))))),"ND") -> TDP HardCore
A53: 57511695-d983-4107-8072-fd27251ac771 | B53: 46042 | C53: 1/20/2026, 3:08:04 PM | D53: 16.506507, 81.942318 | E53: GW4R+CHQ, Pasarlapudilanka, Andhra Pradesh, India | F53: aithabattula venkateswararao | G53: Naeem | H53: http://164.52.221.216/localmedia/media/surveys/samples/recording_2026-01-20_15-04-06_samples_zyOiUaIFYq.mp4 | I53: Kapu | J53: MAMIDIKUDURU_PART | K53: PASARLAPUDI LANKA | L53: వ్యాపారం | M53: హిందూ | N53: 41-59 | O53: narasimharao | P53: 9493252100 | Q53: Male | R53: డ్రైనేజి | S53: బాగుంది | T53: బాగుంది | U53: అమలవడం లేదు | V53: జగన్ మోహన్ రెడ్డి గారు | W53: రోడ్లు వేయటం,ఉద్యొగ్య అవకాశాలు కల్పించటం,విద్య రంగం అభివృద్ధి చేయటం | X53: చంద్రబాబు నాయుడు గారు | Y53: సరైన పార్టీకి వేసాను | Z53: TDP/JSP/BJP (కూటమి | AA53: TDP/JSP/BJP (కూటమి) | AB53: No response | AC53: No response | AD53: Ashish | AE53: Correctly Done | AF53: 0 | AG53: Valid | AH53: =VLOOKUP(Table1[[#This Row],[Caste]],Factor!$H$1:$K$13,4,0) -> 1.1461626 | AI53: =IFERROR(VLOOKUP(Table1[[#This Row],[Q10: మీరు 2024 అసెంబ్లీ ఎన్నికలో ఏ పార్టీ కి వోట్ వేశారు?]],Factor!$D$22:$H$23,5,0),Factor!$H$24) -> 1.0795332 | AJ53: =Table1[[#This Row],[Factor_1]]*Table1[[#This Row],[2024 Factor]] -> 0.7772114 | AK53: =VLOOKUP(Table1[[#This Row],[Q18: Gender]],Factor!$A$33:$E$35,5,0) -> 0.85034014 | AL53: =VLOOKUP(Table1[[#This Row],[Taluka]],Factor!$A$42:$G$46,7,0) -> 0.7543378 | AM53: =VLOOKUP(Table1[[#This Row],[Caste]]&Table1[[#This Row],[Q18: Gender]],Factor!$W$1:$X$23,2,0) -> 0.71995135 | AN53: =VLOOKUP(Table1[[#This Row],[Taluka]]&Table1[[#This Row],[Caste]]&Table1[[#This Row],[Q18: Gender]],Factor!$AK$4:$AL$93,2,0) -> 0.55527787 | AO53: =IF(T53="బాగుంది",-1,1) -> -1 | AP53: =IF(U53="అమలవడం లేదు",1,-1) -> 1 | AQ53: =IF(V53="జగన్ మోహన్ రెడ్డి గారు",1,-1) -> 1 | AR53: =IF(X53="జగన్ మోహన్ రెడ్డి గారు",1,-1) -> -1 | AS53: =IF(AA53="YSRCP (వైఎస్‌ఆర్‌సీపీ)",1,-1) -> -1 | AT53: =IF(Z53="YSRCP (వైఎస్‌ఆర్‌సీపీ)",1,-1) -> -1 | AU53: =AO53+AP53+AQ53+AR53+(0.5*AS53)+AT53 -> -1.5 | AV53: =SUM(Table1[[#This Row],[Satis]:[29]]) -> -2 | AW53: =AO53+AQ53+AR53+AS53+AT53 -> -3 | AX53: =AQ53+AR53+AS53+AT53 -> -2 | AY53: =IF(AND(AO53=1,AS53=1,AT53=1),3,IF(AND(AO53=-1,AS53=-1,AT53=-1),-3,IF(AND(AO53=1,AS53=-1,AT53=1),2,IF(AND(AO53=-1,AS53=1,AT53=-1),-2,IF(AND(AS53=1,AT53=1),2,IF(AND(AS53=-1,AT53=-1),-2,"ND")))))) -> -3 | AZ53: =IFERROR(IF(AV53=6,"YSRCP HardCore",IF(AV53=-6,"TDP HardCore",IF(AW53>=4,"YSRCP Sympathiser",IF(AW53<=-4,"TDP Sympathiser",IF(AX53>=3,"YSRCP Sympathiser",IF(AX53<=-3,"TDP Sympathiser",IF(AY53="ND","ND",IF(AY53>=2,"Neutral YSRCP",IF(AY53<=-2,"Neutral TDP",0))))))))),"ND") -> Neutral TDP
A54: 1472ca1d-9749-41d6-b51d-816bd0006354 | B54: 46042 | C54: 1/20/2026, 3:13:21 PM | D54: 16.506289, 81.943388 | E54: 3, Mamidikuduru, Pasarlapudi, Andhra Pradesh, India | F54: aithabattula venkateswararao | G54: Naeem | H54: http://164.52.221.216/localmedia/media/surveys/samples/recording_2026-01-20_15-10-42_samples_C0MHT3brBo.mp4 | I54: Kapu | J54: MAMIDIKUDURU_PART | K54: PASARLAPUDI LANKA | L54: కార్మిక/రోజువారీ కూలీ | M54: హిందూ | N54: 26-40 | O54: chanti babu | P54: 9542275679 | Q54: Male | R54: రోడ్లు | S54: బాగుంది | T54: బాగుంది | U54: అమలుఅవుతున్నాయి | V54: చంద్రబాబు నాయుడు గారు | W54: రోడ్లు వేయటం,ఆరోగ్య రంగం అభివృద్ధి చేయటం,వ్యవసాయం-రైతు బాగుండడం | X54: చంద్రబాబు నాయుడు గారు | Y54: సరైన పార్టీకి వేసాను | Z54: TDP/JSP/BJP (కూటమి | AA54: TDP/JSP/BJP (కూటమి) | AB54: No response | AC54: No response | AD54: Deepika | AE54: Correctly Done | AF54: 0 | AG54: Valid | AH54: =VLOOKUP(Table1[[#This Row],[Caste]],Factor!$H$1:$K$13,4,0) -> 1.1461626 | AI54: =IFERROR(VLOOKUP(Table1[[#This Row],[Q10: మీరు 2024 అసెంబ్లీ ఎన్నికలో ఏ పార్టీ కి వోట్ వేశారు?]],Factor!$D$22:$H$23,5,0),Factor!$H$24) -> 1.0795332 | AJ54: =Table1[[#This Row],[Factor_1]]*Table1[[#This Row],[2024 Factor]] -> 0.7772114 | AK54: =VLOOKUP(Table1[[#This Row],[Q18: Gender]],Factor!$A$33:$E$35,5,0) -> 0.85034014 | AL54: =VLOOKUP(Table1[[#This Row],[Taluka]],Factor!$A$42:$G$46,7,0) -> 0.7543378 | AM54: =VLOOKUP(Table1[[#This Row],[Caste]]&Table1[[#This Row],[Q18: Gender]],Factor!$W$1:$X$23,2,0) -> 0.71995135 | AN54: =VLOOKUP(Table1[[#This Row],[Taluka]]&Table1[[#This Row],[Caste]]&Table1[[#This Row],[Q18: Gender]],Factor!$AK$4:$AL$93,2,0) -> 0.55527787 | AO54: =IF(T54="బాగుంది",-1,1) -> -1 | AP54: =IF(U54="అమలవడం లేదు",1,-1) -> -1 | AQ54: =IF(V54="జగన్ మోహన్ రెడ్డి గారు",1,-1) -> -1 | AR54: =IF(X54="జగన్ మోహన్ రెడ్డి గారు",1,-1) -> -1 | AS54: =IF(AA54="YSRCP (వైఎస్‌ఆర్‌సీపీ)",1,-1) -> -1 | AT54: =IF(Z54="YSRCP (వైఎస్‌ఆర్‌సీపీ)",1,-1) -> -1 | AU54: =AO54+AP54+AQ54+AR54+(0.5*AS54)+AT54 -> -5.5 | AV54: =SUM(Table1[[#This Row],[Satis]:[29]]) -> -6 | AW54: =AO54+AQ54+AR54+AS54+AT54 -> -5 | AX54: =AQ54+AR54+AS54+AT54 -> -4 | AY54: =IF(AND(AO54=1,AS54=1,AT54=1),3,IF(AND(AO54=-1,AS54=-1,AT54=-1),-3,IF(AND(AO54=1,AS54=-1,AT54=1),2,IF(AND(AO54=-1,AS54=1,AT54=-1),-2,IF(AND(AS54=1,AT54=1),2,IF(AND(AS54=-1,AT54=-1),-2,"ND")))))) -> -3 | AZ54: =IFERROR(IF(AV54=6,"YSRCP HardCore",IF(AV54=-6,"TDP HardCore",IF(AW54>=4,"YSRCP Sympathiser",IF(AW54<=-4,"TDP Sympathiser",IF(AX54>=3,"YSRCP Sympathiser",IF(AX54<=-3,"TDP Sympathiser",IF(AY54="ND","ND",IF(AY54>=2,"Neutral YSRCP",IF(AY54<=-2,"Neutral TDP",0))))))))),"ND") -> TDP HardCore
A55: 113b3c11-6cba-4009-bffb-26d44e26d8f9 | B55: 46042 | C55: 1/20/2026, 3:22:41 PM | D55: 16.506101, 81.944425 | E55: 3, Mamidikuduru, Pasarlapudi, Andhra Pradesh, India | F55: aithabattula venkateswararao | G55: Naeem | H55: http://164.52.221.216/localmedia/media/surveys/samples/recording_2026-01-20_15-17-42_samples_5locaYyyFG.mp4 | I55: Kapu | J55: MAMIDIKUDURU_PART | K55: PASARLAPUDI LANKA | L55: కార్మిక/రోజువారీ కూలీ | M55: హిందూ | N55: 60+ | O55: ramakrishna | P55: 9502664249 | Q55: Male | R55: సాగునీరు | S55: బాగుంది | T55: బాగుంది | U55: అమలవడం లేదు | V55: చంద్రబాబు నాయుడు గారు | W55: రోడ్లు వేయటం,ఉద్యొగ్య అవకాశాలు కల్పించటం,ఆరోగ్య రంగం అభివృద్ధి చేయటం | X55: చంద్రబాబు నాయుడు గారు | Y55: సరైన పార్టీకి వేసాను | Z55: TDP/JSP/BJP (కూటమి | AA55: YSRCP (వైఎస్‌ఆర్‌సీపీ) | AB55: లేరు, వారిని మార్చాలి | AC55: Gollapalli Surya Rao | AD55: Deepika | AE55: Not Doing It Properly | AF55: Q5,12 kept his own | AG55: Valid | AH55: =VLOOKUP(Table1[[#This Row],[Caste]],Factor!$H$1:$K$13,4,0) -> 1.1461626 | AI55: =IFERROR(VLOOKUP(Table1[[#This Row],[Q10: మీరు 2024 అసెంబ్లీ ఎన్నికలో ఏ పార్టీ కి వోట్ వేశారు?]],Factor!$D$22:$H$23,5,0),Factor!$H$24) -> 1.8055838 | AJ55: =Table1[[#This Row],[Factor_1]]*Table1[[#This Row],[2024 Factor]] -> 1.2999325 | AK55: =VLOOKUP(Table1[[#This Row],[Q18: Gender]],Factor!$A$33:$E$35,5,0) -> 0.85034014 | AL55: =VLOOKUP(Table1[[#This Row],[Taluka]],Factor!$A$42:$G$46,7,0) -> 0.7543378 | AM55: =VLOOKUP(Table1[[#This Row],[Caste]]&Table1[[#This Row],[Q18: Gender]],Factor!$W$1:$X$23,2,0) -> 0.71995135 | AN55: =VLOOKUP(Table1[[#This Row],[Taluka]]&Table1[[#This Row],[Caste]]&Table1[[#This Row],[Q18: Gender]],Factor!$AK$4:$AL$93,2,0) -> 0.55527787 | AO55: =IF(T55="బాగుంది",-1,1) -> -1 | AP55: =IF(U55="అమలవడం లేదు",1,-1) -> 1 | AQ55: =IF(V55="జగన్ మోహన్ రెడ్డి గారు",1,-1) -> -1 | AR55: =IF(X55="జగన్ మోహన్ రెడ్డి గారు",1,-1) -> -1 | AS55: =IF(AA55="YSRCP (వైఎస్‌ఆర్‌సీపీ)",1,-1) -> 1 | AT55: =IF(Z55="YSRCP (వైఎస్‌ఆర్‌సీపీ)",1,-1) -> -1 | AU55: =AO55+AP55+AQ55+AR55+(0.5*AS55)+AT55 -> -2.5 | AV55: =SUM(Table1[[#This Row],[Satis]:[29]]) -> -2 | AW55: =AO55+AQ55+AR55+AS55+AT55 -> -3 | AX55: =AQ55+AR55+AS55+AT55 -> -2 | AY55: =IF(AND(AO55=1,AS55=1,AT55=1),3,IF(AND(AO55=-1,AS55=-1,AT55=-1),-3,IF(AND(AO55=1,AS55=-1,AT55=1),2,IF(AND(AO55=-1,AS55=1,AT55=-1),-2,IF(AND(AS55=1,AT55=1),2,IF(AND(AS55=-1,AT55=-1),-2,"ND")))))) -> -2 | AZ55: =IFERROR(IF(AV55=6,"YSRCP HardCore",IF(AV55=-6,"TDP HardCore",IF(AW55>=4,"YSRCP Sympathiser",IF(AW55<=-4,"TDP Sympathiser",IF(AX55>=3,"YSRCP Sympathiser",IF(AX55<=-3,"TDP Sympathiser",IF(AY55="ND","ND",IF(AY55>=2,"Neutral YSRCP",IF(AY55<=-2,"Neutral TDP",0))))))))),"ND") -> Neutral TDP
A56: bb4206ac-1504-4229-bfa7-56c6b2d4ead7 | B56: 46042 | C56: 1/20/2026, 3:22:43 PM | D56: 16.506101, 81.944425 | E56: 3, Mamidikuduru, Pasarlapudi, Andhra Pradesh, India | F56: aithabattula venkateswararao | G56: Naeem | H56: http://164.52.221.216/localmedia/media/surveys/samples/recording_2026-01-20_15-17-42_samples_kRtLJajqKv.mp4 | I56: Kapu | J56: MAMIDIKUDURU_PART | K56: PASARLAPUDI LANKA | L56: కార్మిక/రోజువారీ కూలీ | M56: హిందూ | N56: 60+ | O56: ramakrishna | P56: 9502664249 | Q56: Male | R56: సాగునీరు | S56: బాగుంది | T56: బాగుంది | U56: అమలవడం లేదు | V56: చంద్రబాబు నాయుడు గారు | W56: రోడ్లు వేయటం,ఉద్యొగ్య అవకాశాలు కల్పించటం,ఆరోగ్య రంగం అభివృద్ధి చేయటం | X56: చంద్రబాబు నాయుడు గారు | Y56: సరైన పార్టీకి వేసాను | Z56: TDP/JSP/BJP (కూటమి | AA56: YSRCP (వైఎస్‌ఆర్‌సీపీ) | AB56: లేరు, వారిని మార్చాలి | AC56: Gollapalli Surya Rao | AD56: 0 | AE56: Correctly Done | AF56: 0 | AG56: Valid | AH56: =VLOOKUP(Table1[[#This Row],[Caste]],Factor!$H$1:$K$13,4,0) -> 1.1461626 | AI56: =IFERROR(VLOOKUP(Table1[[#This Row],[Q10: మీరు 2024 అసెంబ్లీ ఎన్నికలో ఏ పార్టీ కి వోట్ వేశారు?]],Factor!$D$22:$H$23,5,0),Factor!$H$24) -> 1.8055838 | AJ56: =Table1[[#This Row],[Factor_1]]*Table1[[#This Row],[2024 Factor]] -> 1.2999325 | AK56: =VLOOKUP(Table1[[#This Row],[Q18: Gender]],Factor!$A$33:$E$35,5,0) -> 0.85034014 | AL56: =VLOOKUP(Table1[[#This Row],[Taluka]],Factor!$A$42:$G$46,7,0) -> 0.7543378 | AM56: =VLOOKUP(Table1[[#This Row],[Caste]]&Table1[[#This Row],[Q18: Gender]],Factor!$W$1:$X$23,2,0) -> 0.71995135 | AN56: =VLOOKUP(Table1[[#This Row],[Taluka]]&Table1[[#This Row],[Caste]]&Table1[[#This Row],[Q18: Gender]],Factor!$AK$4:$AL$93,2,0) -> 0.55527787 | AO56: =IF(T56="బాగుంది",-1,1) -> -1 | AP56: =IF(U56="అమలవడం లేదు",1,-1) -> 1 | AQ56: =IF(V56="జగన్ మోహన్ రెడ్డి గారు",1,-1) -> -1 | AR56: =IF(X56="జగన్ మోహన్ రెడ్డి గారు",1,-1) -> -1 | AS56: =IF(AA56="YSRCP (వైఎస్‌ఆర్‌సీపీ)",1,-1) -> 1 | AT56: =IF(Z56="YSRCP (వైఎస్‌ఆర్‌సీపీ)",1,-1) -> -1 | AU56: =AO56+AP56+AQ56+AR56+(0.5*AS56)+AT56 -> -2.5 | AV56: =SUM(Table1[[#This Row],[Satis]:[29]]) -> -2 | AW56: =AO56+AQ56+AR56+AS56+AT56 -> -3 | AX56: =AQ56+AR56+AS56+AT56 -> -2 | AY56: =IF(AND(AO56=1,AS56=1,AT56=1),3,IF(AND(AO56=-1,AS56=-1,AT56=-1),-3,IF(AND(AO56=1,AS56=-1,AT56=1),2,IF(AND(AO56=-1,AS56=1,AT56=-1),-2,IF(AND(AS56=1,AT56=1),2,IF(AND(AS56=-1,AT56=-1),-2,"ND")))))) -> -2 | AZ56: =IFERROR(IF(AV56=6,"YSRCP HardCore",IF(AV56=-6,"TDP HardCore",IF(AW56>=4,"YSRCP Sympathiser",IF(AW56<=-4,"TDP Sympathiser",IF(AX56>=3,"YSRCP Sympathiser",IF(AX56<=-3,"TDP Sympathiser",IF(AY56="ND","ND",IF(AY56>=2,"Neutral YSRCP",IF(AY56<=-2,"Neutral TDP",0))))))))),"ND") -> Neutral TDP
A57: 224b4985-2509-4061-9595-a3d4f868d98e | B57: 46042 | C57: 1/20/2026, 3:28:16 PM | D57: 16.505951, 81.944883 | E57: 3, Mamidikuduru, Pasarlapudi, Andhra Pradesh, India | F57: aithabattula venkateswararao | G57: Naeem | H57: http://164.52.221.216/localmedia/media/surveys/samples/recording_2026-01-20_15-25-12_samples_ZBJbvusZy2.mp4 | I57: Madiga | J57: MAMIDIKUDURU_PART | K57: PASARLAPUDI LANKA | L57: కార్మిక/రోజువారీ కూలీ | M57: క్రిస్టియన్ | N57: 26-40 | O57: annapurna | P57: 7330620740 | Q57: Female | R57: డ్రైనేజి | S57: బాగుంది | T57: బాగుంది | U57: అమలవడం లేదు | V57: జగన్ మోహన్ రెడ్డి గారు | W57: రోడ్లు వేయటం,ఉద్యొగ్య అవకాశాలు కల్పించటం,విద్య రంగం అభివృద్ధి చేయటం | X57: చంద్రబాబు నాయుడు గారు | Y57: సరైన పార్టీకి వేసాను | Z57: TDP/JSP/BJP (కూటమి | AA57: TDP/JSP/BJP (కూటమి) | AB57: No response | AC57: No response | AD57: Deepika | AE57: Correctly Done | AF57: 0 | AG57: Valid | AH57: =VLOOKUP(Table1[[#This Row],[Caste]],Factor!$H$1:$K$13,4,0) -> 0.80207032 | AI57: =IFERROR(VLOOKUP(Table1[[#This Row],[Q10: మీరు 2024 అసెంబ్లీ ఎన్నికలో ఏ పార్టీ కి వోట్ వేశారు?]],Factor!$D$22:$H$23,5,0),Factor!$H$24) -> 1.0795332 | AJ57: =Table1[[#This Row],[Factor_1]]*Table1[[#This Row],[2024 Factor]] -> 1.2733258 | AK57: =VLOOKUP(Table1[[#This Row],[Q18: Gender]],Factor!$A$33:$E$35,5,0) -> 2.1645022 | AL57: =VLOOKUP(Table1[[#This Row],[Taluka]],Factor!$A$42:$G$46,7,0) -> 0.7543378 | AM57: =VLOOKUP(Table1[[#This Row],[Caste]]&Table1[[#This Row],[Q18: Gender]],Factor!$W$1:$X$23,2,0) -> 1.1795152 | AN57: =VLOOKUP(Table1[[#This Row],[Taluka]]&Table1[[#This Row],[Caste]]&Table1[[#This Row],[Q18: Gender]],Factor!$AK$4:$AL$93,2,0) -> 0.37562401 | AO57: =IF(T57="బాగుంది",-1,1) -> -1 | AP57: =IF(U57="అమలవడం లేదు",1,-1) -> 1 | AQ57: =IF(V57="జగన్ మోహన్ రెడ్డి గారు",1,-1) -> 1 | AR57: =IF(X57="జగన్ మోహన్ రెడ్డి గారు",1,-1) -> -1 | AS57: =IF(AA57="YSRCP (వైఎస్‌ఆర్‌సీపీ)",1,-1) -> -1 | AT57: =IF(Z57="YSRCP (వైఎస్‌ఆర్‌సీపీ)",1,-1) -> -1 | AU57: =AO57+AP57+AQ57+AR57+(0.5*AS57)+AT57 -> -1.5 | AV57: =SUM(Table1[[#This Row],[Satis]:[29]]) -> -2 | AW57: =AO57+AQ57+AR57+AS57+AT57 -> -3 | AX57: =AQ57+AR57+AS57+AT57 -> -2 | AY57: =IF(AND(AO57=1,AS57=1,AT57=1),3,IF(AND(AO57=-1,AS57=-1,AT57=-1),-3,IF(AND(AO57=1,AS57=-1,AT57=1),2,IF(AND(AO57=-1,AS57=1,AT57=-1),-2,IF(AND(AS57=1,AT57=1),2,IF(AND(AS57=-1,AT57=-1),-2,"ND")))))) -> -3 | AZ57: =IFERROR(IF(AV57=6,"YSRCP HardCore",IF(AV57=-6,"TDP HardCore",IF(AW57>=4,"YSRCP Sympathiser",IF(AW57<=-4,"TDP Sympathiser",IF(AX57>=3,"YSRCP Sympathiser",IF(AX57<=-3,"TDP Sympathiser",IF(AY57="ND","ND",IF(AY57>=2,"Neutral YSRCP",IF(AY57<=-2,"Neutral TDP",0))))))))),"ND") -> Neutral TDP
